,reward,actor_loss,critic_loss
0,12.67923914311389,-223.93614227324724,3.729052489827154
1,16.503500952542137,-214.32805037498474,0.5794776274415199
2,18.506065087590056,-199.95161256194115,0.3742788063536864
3,23.80210989190401,-202.01542994379997,0.30363174044759944
4,21.448022448251887,-209.8580963909626,0.38291316518734675
5,18.568012074864995,-210.5863030552864,0.4863358564907685
6,19.384257284978673,-205.47056382894516,0.5673238715389743
7,9.418822707109145,-201.10723036527634,0.4666537367447745
8,16.49584290261968,-195.9290293455124,0.2847328827047022
9,14.960226199414487,-194.5198328793049,0.35126386969932355
10,16.5577212398669,-193.62788635492325,0.49379856733139604
11,15.86201612826806,-194.54242488741875,0.4508286464260891
12,19.523303925666198,-199.2355694770813,0.43237158335978165
13,22.343394224084438,-202.35647222399712,0.41293705234420486
14,18.525532662091152,-205.04890260100365,0.42451892577810213
15,18.681412682118268,-205.96440762281418,0.4329005444305949
16,23.492876622785445,-210.37448513507843,0.5130835648742504
17,12.23391423367534,-207.57324281334877,0.5286745999474078
18,13.601559504581862,-200.64320996403694,0.42664964994764887
19,15.146126226599877,-196.10881182551384,0.3209011608560104
20,25.63821240937805,-193.83322525024414,0.3208558215701487
21,10.968157829440182,-203.26128229498863,0.4977259360603057
22,13.34128907481912,-203.54959380626678,0.4112445663049584
23,15.48844555434562,-192.61822652816772,0.2569418402708834
24,16.09823392475854,-197.45745408535004,0.3492368356237421
25,25.25583984801328,-202.034034460783,0.34655150573235005
26,22.3831081042634,-206.98903945088387,0.36000285726913717
27,22.022988422337022,-214.7174419760704,0.4294248472433537
28,20.90228378016809,-215.99662056565285,0.4211919056251645
29,30.13972173497851,-215.7391048669815,0.47418498364277184
30,22.281666411174594,-220.01526644825935,0.5051495759689715
31,13.639860025147076,-214.75718146562576,0.3757266014436027
32,14.518372553343616,-201.41576409339905,0.27651543558749836
33,22.491949265810327,-203.9768188893795,0.36924686553538777
34,23.187391373978798,-208.05199521780014,0.3841360707010608
35,12.428078450530833,-206.00669622421265,0.41635998550918885
36,17.15085480528501,-206.49907743930817,0.3914450582524296
37,17.30022342722584,-202.18322050571442,0.3748442500946112
38,22.638820066667186,-201.20682978630066,0.34920775072532706
39,23.951409604215044,-203.97118404507637,0.4114584898779867
40,31.827777080628373,-214.8489135503769,0.580310613848269
41,13.953743998836378,-213.79797321558,0.5558654955821112
42,17.115538922619933,-199.28184640407562,0.3499449256196385
43,17.413853589269078,-201.02667754888535,0.2883370377239771
44,12.32513717265697,-199.9583923816681,0.34087637170159724
45,13.837535195029208,-193.52235007286072,0.3606052549002925
46,13.140674797248195,-192.48598659038544,0.3565391021693358
47,19.447434321480245,-197.54011911153793,0.5241079985280521
48,31.224927553436782,-203.81800812482834,0.6024708649201784
49,14.967779717821543,-208.25948455929756,0.5028556224133354
50,20.528420129402775,-201.99587067961693,0.40706890443107113
51,20.63499580183797,-199.06941881775856,0.32515483534371015
52,31.856345545334513,-210.41900011897087,0.4354694170760922
53,15.937617854821426,-211.0181763768196,0.48462234158068895
54,16.58826176654689,-207.1768378019333,0.4509789436124265
55,11.941526603284188,-203.89898282289505,0.37736268268781714
56,10.150796265496245,-207.40467730164528,0.26937805344641674
57,25.098943599192,-205.7279691696167,0.2791396841930691
58,18.98979979187754,-205.84122717380524,0.3788968273875071
59,14.8118897884495,-211.18301397562027,0.37363347518839873
60,18.61740175174414,-205.01794135570526,0.36280711891595274
61,13.48510861317077,-201.3911080956459,0.44318174829822965
62,21.81777818204872,-200.72934904694557,0.4219067254452966
63,19.988939278353364,-200.43435791134834,0.3813314814178739
64,14.517760765952323,-196.1449255347252,0.42264265910489485
65,6.761775321897185,-195.03888776898384,0.3920151249913033
66,28.989811982822268,-199.20619183778763,0.4737636166100856
67,20.82960219538509,-203.2880583703518,0.555222960858373
68,16.94757729811355,-204.4675519168377,0.5082351982127875
69,16.762520257598055,-201.75651440024376,0.3957818188064266
70,16.835438047093227,-198.0232026875019,0.29194915101106744
71,13.429238362569572,-200.3989138007164,0.3139707861409988
72,19.179626514846984,-204.66123363375664,0.347214421883109
73,24.650826947273824,-207.96112963557243,0.35448446292139124
74,13.028866934562217,-207.98141846060753,0.39054609910817817
75,11.529062222459986,-326.77302262187004,0.8496371407527477
76,13.315325973263278,-240.88443848490715,0.3759121386538027
77,20.892030861125896,-243.79539129137993,0.4277245244302321
78,10.07681317467339,-244.22992154955864,0.4893268962332513
79,20.207866594251882,-241.42313453555107,0.415778334470815
80,12.171434098575443,-244.7272563278675,0.7390288905589841
81,14.657507711191355,-244.76381841301918,0.7321934045758098
82,11.499809553674107,-243.09005093574524,0.4145100659225136
83,21.715229153460726,-243.28618985414505,0.5351562956930138
84,15.478599011591585,-246.44861036539078,0.8291169369476847
85,10.817102284111748,-245.97045695781708,0.69268401194131
86,22.529553793206546,-241.88974130153656,0.41837312548886985
87,12.517556815174345,-244.9702208340168,0.5800700334948488
88,14.32097632638088,-245.63943567872047,0.5641966953407973
89,15.785668563592344,-242.8056752383709,0.39926759601803496
90,17.96651142313857,-243.47437873482704,0.5219970952020958
91,19.777660410020978,-247.35184502601624,0.8791586424922571
92,22.32586425019053,-250.011349350214,0.8595795268192887
93,18.062517062610517,-249.2341923415661,0.6384715960593894
94,19.315690780575256,-247.7084895670414,0.6929074506624602
95,9.309545670084951,-245.32317593693733,0.8236334741231985
96,20.196199405126446,-244.30835044384003,0.7552992809796706
97,13.253437086021751,-244.60178196430206,0.6110653289943002
98,16.519963138362197,-244.85594049096107,0.6232177059864625
99,17.584911685521988,-244.3780851662159,0.6491513269720599
100,11.892922600706372,-243.59140333533287,0.7261837933911011
101,16.704342399426988,-243.94063618779182,0.6566274869255722
102,25.304083031278783,-247.98994088172913,0.8269468902435619
103,20.07064127483153,-251.2132150530815,1.1301596034900285
104,18.836976640262815,-248.2680939733982,0.7964158545364626
105,18.477449641561595,-247.17404267191887,0.48609667835989967
106,16.048047676594315,-247.19443732500076,0.6034922894905321
107,22.95317859214826,-248.42917573451996,0.7495601577102207
108,22.692773260496207,-248.85709023475647,0.7617369426880032
109,11.752805406434998,-248.97019177675247,0.865951014100574
110,17.51085202817731,-247.05931794643402,0.7217632321990095
111,18.781331905469763,-243.43528831005096,0.41125196329085156
112,17.459500841909072,-245.90777471661568,0.516684881731635
113,22.465676140686313,-249.1211573779583,0.5586102193919942
114,11.385269831627426,-247.81112611293793,0.5150641520740464
115,15.63726541678853,-244.76146966218948,0.3938250801875256
116,8.88521679285236,-240.9990210533142,0.3132998235814739
117,14.642773121287032,-239.44902443885803,0.32961349238757975
118,15.897297849551707,-242.2086840569973,0.5503155323094688
119,14.914574013734992,-244.3021518290043,0.7241525761201046
120,20.559765419677614,-246.5857197344303,0.7645331338280812
121,23.68186673415529,-248.2516365647316,0.6490063055534847
122,18.578656009413415,-250.2482231259346,0.572696142073255
123,18.232839419707723,-249.92304942011833,0.5616234193439595
124,11.911520892599416,-245.85765686631203,0.4890075146104209
125,13.15024482044783,-241.73165887594223,0.37036575021920726
126,17.314290621628984,-242.2704740166664,0.4470258087676484
127,16.17119275183499,-245.7716272175312,0.5500979635980912
128,22.982446644595548,-248.26681044697762,0.6993376680766232
129,9.952096695922208,-246.27142584323883,0.7315279438043945
130,15.670775261694283,-243.47692188620567,0.5613480675674509
131,25.059551092431064,-244.74959033727646,0.5287821326928679
132,17.826688254302837,-248.24388310313225,0.6229581274383236
133,11.416646459972398,-246.71881747245789,0.6175926318974234
134,12.439035290200657,-241.42082852125168,0.433476918580709
135,19.057209268974084,-243.14517319202423,0.4671467815351207
136,18.269250503819336,-246.94889476895332,0.5712627320899628
137,20.977249729052627,-249.05544701218605,0.6951907271868549
138,16.553511439431585,-247.98495683073997,0.7170912037254311
139,9.136113622606745,-243.96056589484215,0.539281708362978
140,17.710568538787374,-242.20253989100456,0.5769774727232289
141,10.222903816542384,-242.33236306905746,0.6539849095861427
142,13.508562473912221,-241.05651369690895,0.5004278349515516
143,21.754306333708374,-243.5682508647442,0.5338036494213156
144,27.49685981097792,-250.40192139148712,0.8367020172881894
145,25.798909138870652,-254.4020954668522,1.0542848345357925
146,16.704024593449187,-253.1346435546875,0.9636611746391281
147,14.516457608272553,-247.68053942918777,0.7963833057438023
148,14.103746933758616,-243.8181293606758,0.7886891171219759
149,10.063952669038004,-242.2635588645935,0.6334959751402494
150,16.15167569881961,-258.1858478784561,0.48159194554318674
151,8.108891652007392,-252.97466349601746,0.4476065260969335
152,19.799702583918158,-252.78796711564064,0.4694237242511008
153,15.243154333498277,-254.78980788588524,0.6060737337975297
154,19.13901047332812,-256.4897271990776,0.6753077986068092
155,11.117070362153703,-257.27367040514946,0.673552336753346
156,17.45668693051902,-255.70161110162735,0.5518543649523053
157,20.415456775384776,-256.8144138455391,0.6387040997506119
158,14.60275516700468,-259.70368510484695,0.7676278711296618
159,14.285533496377372,-256.2562119066715,0.6708353574504144
160,14.871566128105608,-253.76084434986115,0.5597137274744455
161,19.411905279172807,-255.70450294017792,0.5664624598866794
162,9.978527267198288,-256.2757304906845,0.6119678341201507
163,16.785822310157002,-253.85986667871475,0.48169923227396794
164,21.564180044101708,-256.56446769833565,0.5259349866246339
165,8.322591708595361,-258.3339951634407,0.6235680836252868
166,18.211605213017734,-254.13540741801262,0.5416625673533417
167,21.185502204924344,-257.27147349715233,0.6110576169448905
168,12.670782257340692,-258.42001736164093,0.5625853958772495
169,22.74318112053162,-256.3775877356529,0.6249430640600622
170,11.603824251367886,-257.7434257864952,0.8896255209692754
171,20.55425692048976,-257.70458710193634,0.8788282340974547
172,25.95572040064953,-260.61446648836136,0.8390198067063466
173,16.223967422261357,-262.1740481853485,0.8082885040785186
174,18.245476588473604,-258.9085696339607,0.5421911193698179
175,19.45013592161496,-258.80647349357605,0.5735416762181558
176,15.900035393462618,-258.16778856515884,0.6962782191403676
177,16.727580985636358,-255.98655319213867,0.5858964207291137
178,19.77804162266045,-257.2450213432312,0.5385527202743106
179,17.26493111296253,-260.47163635492325,0.5712962839170359
180,13.995324343771873,-256.80289217829704,0.5484273321926594
181,18.438587261154897,-255.8485431075096,0.6092956440988928
182,22.807334487115696,-259.12227016687393,0.6820942761842161
183,9.318154266131598,-258.0221962928772,0.6794899111264385
184,24.206233771892947,-256.4658054113388,0.6286858157836832
185,12.073591705668195,-258.34972912073135,0.5747045573079959
186,26.03583161013338,-259.56466576457024,0.7206194633035921
187,16.787665455847314,-260.43441927433014,0.8773174390080385
188,13.200485980317962,-258.93213933706284,0.7627273955731653
189,14.927316295417345,-255.07101356983185,0.4653634364658501
190,22.977533558953297,-257.9457131624222,0.5480524443264585
191,22.13917880098422,-259.35969775915146,0.7202222672640346
192,12.765200340099023,-259.42903929948807,0.7711878538248129
193,13.446981538741722,-256.01363480091095,0.6297943538520485
194,14.178638717591644,-254.6643725335598,0.4682122312951833
195,13.392401774666546,-253.95829805731773,0.4450325981597416
196,11.587124435136907,-253.44361114501953,0.4631959373073187
197,15.727757282139008,-254.37302127480507,0.5652539996081032
198,18.416647266394584,-254.45891386270523,0.492504562047543
199,14.28140539556377,-255.85398441553116,0.5227205635746941
200,25.968971122858846,-260.34681755304337,0.8157578433165327
201,24.73994539627904,-262.649442255497,0.9590437700389884
202,18.99482086164336,-261.95407968759537,1.0109474398195744
203,24.874735599113905,-261.4120677113533,1.01365208189236
204,23.283741037994574,-263.53076553344727,1.0576437267009169
205,22.199900971157597,-265.9418554902077,0.9437326875049621
206,17.86710370429406,-261.79493391513824,0.8133490922627971
207,20.925460412129983,-259.9306746125221,0.784178382018581
208,22.369916425993964,-261.2368453145027,0.6241172746522352
209,18.923656324140097,-259.6638144850731,0.5345289405668154
210,12.013012463288977,-258.7667276263237,0.7780259022838436
211,19.17438757494739,-256.0209296345711,0.7868262045667507
212,20.264557767093187,-258.3260588943958,0.783056232787203
213,15.230647446180772,-260.1731437444687,0.7443307749927044
214,21.437560596837685,-257.94574350118637,0.5952635786379687
215,20.88095475417853,-259.5477466583252,0.7095355556812137
216,8.37460057777599,-258.7221919298172,0.644477195746731
217,19.01439346268028,-254.5655606687069,0.5449733902933076
218,11.033693923612319,-253.60645678639412,0.7229672284447588
219,14.687073560725974,-254.33702850341797,0.7988087898993399
220,19.86917903931595,-255.92208683490753,0.8170185011695139
221,15.041227221495763,-257.8452358841896,0.7928382629179396
222,13.170481737404245,-255.1809175312519,0.6134103917574976
223,19.163239535854004,-255.86907935142517,0.6678615648415871
224,18.09742054696115,-259.30041897296906,0.8951892463956028
225,13.438448396177911,-340.7603984475136,0.8058588591520675
226,15.25991623004332,-318.65238124132156,0.4401995705848094
227,20.449458286762145,-320.4420895576477,0.4491622989589814
228,17.98211913788986,-324.6732589006424,0.823692251520697
229,12.478477369086757,-323.3326526284218,0.7954586471314542
230,12.55624974307718,-318.68445521593094,0.5581224003108218
231,22.993015619259328,-319.6616326570511,0.8430889795708936
232,22.471524782671494,-325.0637948513031,1.003094545158092
233,23.58035180111152,-327.356717646122,0.8847895591170527
234,14.328715482580193,-327.6470791697502,0.8601757733267732
235,20.57785911303491,-323.6455652117729,0.7043118784204125
236,21.322089634817306,-323.15596812963486,0.6431328420585487
237,12.379237055206127,-323.5491963028908,0.6271374331554398
238,15.397778514082919,-321.13881438970566,0.5855459602316841
239,14.039319743510406,-320.36567187309265,0.4932772706961259
240,11.96042643291002,-318.6318500638008,0.41254784088232554
241,17.487786809264907,-319.6230343580246,0.4853271947358735
242,14.591727063166298,-319.49515521526337,0.500300127605442
243,11.209019995693534,-319.19762766361237,0.4845704758481588
244,10.562858008746518,-318.4684117436409,0.457526266167406
245,17.27716821820443,-318.98205214738846,0.49284024065127596
246,14.964794857148176,-319.8144800066948,0.665510307153454
247,17.085726383915304,-320.27196377515793,0.6984435396443587
248,18.490762590499703,-322.06685960292816,0.6126822821097448
249,12.052950453995688,-321.44787096977234,0.5345403075334616
250,16.550544551158914,-320.4599668979645,0.49864842055831105
251,11.703379378477837,-319.70198863744736,0.4721357331145555
252,18.630549923913488,-319.61989945173264,0.4830869018624071
253,24.681943733574872,-324.1320113539696,0.5949524427996948
254,16.318682417847743,-325.9631879925728,0.6400354746147059
255,14.303553806871196,-323.38465732336044,0.542385915061459
256,15.74049284315125,-321.1263285279274,0.46616478901705705
257,14.853142635535386,-319.64651852846146,0.4730187870154623
258,14.7405974008551,-319.04580479860306,0.4751678000902757
259,12.055641700160596,-319.5742670893669,0.5243502918747254
260,18.914468619976066,-320.63135159015656,0.6488311170833185
261,17.34143188678214,-321.5752592086792,0.6248024209635332
262,23.30536729726885,-323.72083282470703,0.582830794795882
263,27.23361548062736,-327.98622530698776,0.769542891473975
264,24.49747671074478,-330.30907744169235,0.8482667260686867
265,12.551544004529665,-326.9600915312767,0.8005893984227441
266,13.290592919452388,-322.57229834795,0.5719157836865634
267,12.255917572383819,-318.26446837186813,0.3784665534622036
268,12.548886163989891,-317.15271985530853,0.42379476813948713
269,14.92088807154327,-319.2417553663254,0.4675358764943667
270,17.009169579132312,-319.2982652783394,0.42703680973500013
271,28.54404549151088,-322.77377223968506,0.6424353806069121
272,17.727174043116023,-329.3760539293289,0.8913238642853685
273,20.329370139053026,-327.3783273100853,0.8266105421353132
274,13.994991289525286,-323.4878956079483,0.6701054115546867
275,12.001314010646988,-320.6383146047592,0.5354293621494435
276,14.171235265392777,-318.38302022218704,0.35554845017031766
277,12.140524164520372,-318.2517261505127,0.3728208398388233
278,11.925880575686556,-317.88193595409393,0.4403529218106996
279,18.66679616524295,-319.45572555065155,0.5568741706374567
280,16.56027495048626,-321.381483733654,0.596747306000907
281,15.532531175898106,-322.2516377568245,0.5520178966689855
282,12.812285533484808,-319.95224595069885,0.4903316631389316
283,16.894881628997183,-318.99150770902634,0.47575854693423025
284,20.28738530684023,-322.66910326480865,0.6473685805685818
285,19.28226858908569,-325.0231619477272,0.7252691444591619
286,16.87116604688528,-324.4258410334587,0.6075700428918935
287,22.7199171076335,-324.28253549337387,0.6465749124763533
288,16.023860389876646,-323.975268304348,0.6983066929969937
289,16.91456237049222,-322.69690990448,0.6486546180094592
290,20.27772042921977,-322.3636307120323,0.7719995477818884
291,15.363066790487519,-324.4800233244896,0.7535711872042157
292,17.228482888938046,-322.6584526896477,0.6498287397553213
293,12.781676601246486,-319.92654341459274,0.5937066502810922
294,21.989281623487873,-320.98146587610245,0.5755374277941883
295,18.929218054316756,-324.134584069252,0.6552152802469209
296,14.81266210884844,-325.65799874067307,0.6656544309807941
297,16.38982881847881,-322.092670917511,0.5704779568477534
298,12.092356272642212,-319.8432098031044,0.509267212881241
299,8.196896968966744,-317.86330223083496,0.41246634925482795
300,10.88609777836551,-184.06000891327858,0.23797543191176374
301,12.476807124495489,-186.707573056221,0.42829536978388205
302,20.942259605443663,-190.94995212554932,0.6757614518282935
303,21.204360606871397,-194.76244246959686,0.8905312464921735
304,15.177307807277636,-195.2188867032528,0.7520573759102263
305,11.050473654212036,-190.81728646159172,0.4340501077531371
306,11.144217733834106,-188.47083169221878,0.369194459693972
307,19.072258146209037,-188.98768404126167,0.3912321480747778
308,13.97016684854212,-190.83496323227882,0.4394198179070372
309,17.98265368192711,-192.01645252108574,0.5975074430461973
310,12.731802949127246,-191.76605421304703,0.6506906842114404
311,11.036577748157793,-189.43526756763458,0.48314845145796426
312,21.8905149882851,-190.73845046758652,0.5339777458284516
313,12.916451060859183,-193.66655415296555,0.6830511576845311
314,22.019247200515895,-193.84155640006065,0.7388353113783523
315,12.916984105185708,-192.56625220179558,0.6072714941692539
316,21.89462567855513,-192.05814018845558,0.5884691512037534
317,20.95257479501681,-196.19730725884438,0.8039639202179387
318,13.165370272023768,-194.7490320801735,0.7451523097115569
319,14.490550878637162,-189.48511520028114,0.4487366277317051
320,11.666528726412096,-190.09593406319618,0.35027071088552475
321,13.514168606832751,-189.1062055528164,0.30844095413340256
322,10.091400465253995,-187.74098178744316,0.30597636263701133
323,14.04760299541214,-186.16917917132378,0.292428459826624
324,16.57815208627285,-189.01164191961288,0.46319954507634975
325,20.572870314476525,-193.01729425787926,0.5532267810194753
326,12.546628603261357,-193.74291533231735,0.5757383680320345
327,12.744342249254405,-191.84666204452515,0.5775626734248362
328,13.010411536944904,-187.96803909540176,0.41464201867347583
329,21.22748586505729,-189.94136613607407,0.4628236534190364
330,27.03931452741727,-195.5350056886673,0.7670184355229139
331,17.149880741125912,-198.40164321660995,0.9915941479848698
332,11.780583053041084,-195.51942762732506,0.8149371147155762
333,17.760513892857297,-190.9865911602974,0.5133833953586873
334,18.34854662384273,-191.46194291114807,0.4311979342310224
335,19.137939888817655,-193.62983733415604,0.4851194267394021
336,11.677447014923922,-194.02456325292587,0.5733454535948113
337,19.472706177889187,-191.5678316950798,0.5818052311078645
338,6.493440371478146,-189.74971222877502,0.5710778191569261
339,12.361495665217497,-186.80526039004326,0.4510861481539905
340,14.296274794911982,-186.16906505823135,0.33337160499650054
341,13.494331998351882,-188.15597972273827,0.35671002106391825
342,13.460601321539382,-189.31810820102692,0.37636751917307265
343,12.052313852469014,-189.8019039928913,0.36554500716738403
344,15.651707165340646,-189.16780775785446,0.3365930734144058
345,15.692094845891233,-190.36477759480476,0.536855474114418
346,18.30335113197314,-191.63634571433067,0.7803426965256222
347,24.258286701062577,-194.62497767806053,0.9057603994151577
348,19.463563210207823,-197.90476992726326,0.8226374944206327
349,13.360041057624532,-195.20281502604485,0.7053207920398563
350,11.89741346268443,-190.84944450855255,0.5294542879855726
351,15.270772334673145,-187.6260822713375,0.3643932002596557
352,15.326724876791125,-190.26181492209435,0.5077167320123408
353,16.35834261457263,-191.84640258550644,0.6495371778146364
354,12.342255434378316,-189.93846383690834,0.5366822814685293
355,17.836344520385637,-190.58517757058144,0.47833314529270865
356,15.206927585112778,-192.25999009609222,0.5975576184864622
357,19.099264564509614,-192.3481919169426,0.5890711518295575
358,32.35630370460689,-197.01573872566223,0.9125779074965976
359,14.471356435035764,-200.03277546167374,1.2835061923251487
360,15.086719693720141,-195.29664373397827,0.8977252415497787
361,10.364898384857135,-191.2501248717308,0.45449036135687493
362,26.759617681131243,-191.4004848897457,0.6868531156796962
363,21.94252649821432,-196.72256058454514,0.9631215252447873
364,13.670291303110563,-196.0581270158291,0.8301030714064837
365,16.534831810514483,-191.5176241695881,0.5938351806835271
366,21.36546840680331,-192.1027825474739,0.6364985824329779
367,13.626911979591515,-193.81772601604462,0.7700208280584775
368,9.470599863952021,-190.47551837563515,0.6405325862288009
369,11.147985397501383,-186.5577059686184,0.38413396989926696
370,11.088436597203053,-186.43862769007683,0.34918429449317046
371,17.167295051542528,-189.47539421916008,0.40579842976876535
372,13.79421711519305,-190.33442959189415,0.41531791668967344
373,7.55698129525548,-188.39457508921623,0.3836103916692082
374,11.826947087839574,-185.55379730463028,0.3163926711276872
375,13.260004841754446,-222.3277092576027,0.4742554169060895
376,16.745394257540056,-259.8942754268646,0.6006143311969936
377,26.258474848245395,-262.8767477273941,0.5631625911628362
378,20.526804003913295,-267.94350892305374,0.7208179605659097
379,15.460691607504195,-265.26983577013016,0.7362725831917487
380,13.238037779811163,-259.66461408138275,0.49245290202088654
381,13.263164744588096,-259.51793670654297,0.44946399799664505
382,12.388703301934722,-259.5975160598755,0.48510689759859815
383,18.35245973786631,-258.63424837589264,0.5092212292511249
384,25.578358694769843,-262.3223486542702,0.7497400533175096
385,11.861446173456237,-265.28954458236694,0.9515230655670166
386,12.247402050840956,-261.3193523287773,0.6478177840472199
387,15.204715447652088,-257.92327255010605,0.31951948773348704
388,17.096148449052397,-259.8585350513458,0.44725029316032305
389,23.12961767074371,-263.1517584323883,0.5924960860866122
390,17.008756958320213,-264.5358998775482,0.6007592972600833
391,14.812244877626043,-263.279700756073,0.4717454725760035
392,13.629340420538648,-260.3244201540947,0.45248701638774946
393,18.955433674545148,-260.29360193014145,0.55347260585404
394,21.241353246556635,-261.88738840818405,0.6360898546990938
395,18.873846967395785,-263.9997364282608,0.8165232439059764
396,13.632102176892147,-264.2358925938606,0.8977236087666824
397,22.33847037673928,-263.8504658341408,0.9164479532046244
398,12.317452867808537,-262.607667863369,0.8738530002883635
399,19.36983051712764,-262.3162236213684,0.6770723171066493
400,13.522382372138617,-260.4153903722763,0.6193868698901497
401,22.800100805381426,-261.27135795354843,0.5512015027634334
402,18.014930842400236,-264.95115053653717,0.5217379598761909
403,15.406312940085806,-263.5668012499809,0.5456313116592355
404,13.925216547131745,-260.0996958017349,0.5763027000357397
405,15.569385789681581,-259.5681701898575,0.679044988937676
406,17.577406543125957,-259.4473272264004,0.625815636041807
407,30.695567287620342,-266.0651281476021,0.8480062253656797
408,18.17443887600028,-270.2789212465286,0.86768240458332
409,19.81673278466501,-265.88676875829697,0.684099409612827
410,16.85606178938303,-265.0331039428711,0.7539632080006413
411,16.76826912469513,-262.8781546354294,0.7703377152211033
412,15.107266168459725,-260.38389497995377,0.6188419066602364
413,19.812643577263866,-262.1332950592041,0.6782941783894785
414,16.42149259659728,-261.98025238513947,0.613906774087809
415,10.943720290463563,-260.6984925866127,0.5093916212208569
416,13.701103443505394,-259.2495663166046,0.5165597241721116
417,18.515840647620234,-259.11594527959824,0.5375688508502208
418,22.807020510505023,-262.04521000385284,0.7640906657325104
419,11.603853768903475,-264.71711015701294,0.8742836482124403
420,22.099246656565715,-261.95530980825424,0.6314525773923378
421,13.856801622838939,-261.6214478611946,0.6110465499805287
422,9.16696791889455,-260.46363949775696,0.6085162150557153
423,20.991315378216473,-259.3035140633583,0.5048911899211816
424,19.901557418270112,-262.1926898956299,0.6108815011102706
425,14.554236457504583,-262.8269523382187,0.7113580801524222
426,16.670186652486123,-260.08088767528534,0.62981553611462
427,12.81162206200678,-259.7996258735657,0.6644899101811461
428,17.75610390892949,-260.77945178747177,0.799472093640361
429,14.477534231192351,-261.21352672576904,0.7589709743333515
430,20.361167750425864,-262.4527903199196,0.6260272304643877
431,21.101541746861734,-262.0604964494705,0.4963039876311086
432,16.34864289045109,-264.34901481866837,0.7067821554956026
433,11.084688875858712,-263.3906838297844,0.8497131739859469
434,11.092188164662401,-256.8395374715328,0.47037084559269715
435,19.963082312832324,-259.52061331272125,0.570835980179254
436,16.989589249343314,-263.7196903824806,0.7595740871620364
437,17.349599516112875,-260.5796740055084,0.6212477460794616
438,20.017163841291804,-262.5316852927208,0.5299040539539419
439,22.742056195762203,-265.3582206964493,0.4871977205039002
440,16.480653511460435,-266.8094916343689,0.7240954780136235
441,12.493963107022783,-262.8645446896553,0.7352451077313162
442,22.605964423440106,-259.0675584077835,0.39652346531511284
443,17.55617668920139,-264.5505972504616,0.5031811815570109
444,24.77290313502746,-265.6346613764763,0.5905743655166589
445,23.15391457810663,-266.94973343610764,0.7117113005369902
446,14.475155206944835,-268.49316132068634,0.7016200082725845
447,13.226216384363672,-261.676781475544,0.6532955011934973
448,22.70869857732528,-258.80378127098083,0.62866023243987
449,10.396754349915268,-262.6051279902458,0.6954149576486088
450,16.11275647121881,-321.3815932571888,0.6004533764789812
451,18.087024435990745,-276.54749524593353,0.5161642150487751
452,14.535468454283002,-277.67023772001266,0.5301487971446477
453,10.31055962956573,-275.4672567844391,0.46639395761303604
454,16.05714719716783,-274.13196563720703,0.39405046685715206
455,14.428170972201022,-275.20192950963974,0.4955348661460448
456,17.98214273814112,-278.9022650718689,0.6282094626221806
457,22.217695696189594,-279.8238079547882,0.672999646893004
458,19.008363747284573,-280.40480202436447,0.7048507862200495
459,12.152374859519654,-279.5755875110626,0.6005452093086205
460,8.020125171430493,-274.9883732199669,0.42953439700067975
461,20.858986432866296,-272.1405252814293,0.34802729403600097
462,17.807353568924935,-276.86148434877396,0.7148429956287146
463,15.887839131072205,-281.37528336048126,0.9616894767386839
464,11.972434024964105,-278.9749871492386,0.8404281733965036
465,20.685119448649615,-275.4675669670105,0.593204784556292
466,16.29119226382608,-278.491115629673,0.5415500252856873
467,17.493297999078376,-280.89304357767105,0.5914891885477118
468,24.375671575385542,-281.3392285108566,0.7857415744801983
469,17.5032481464448,-282.1905696988106,0.9161328643676825
470,20.087789913594214,-279.6682086586952,0.783884477801621
471,16.282233604820693,-279.94182670116425,0.7740730257355608
472,20.08902300411908,-280.44872868061066,0.7679912449675612
473,14.619512929506465,-279.2735756635666,0.6332526417681947
474,13.358543365977583,-277.06558322906494,0.47778239607578143
475,11.622945791293684,-274.3254618048668,0.35644054412841797
476,13.144022848405886,-274.4670569896698,0.3683533813164104
477,22.196597623581084,-276.48710709810257,0.4455367156479042
478,12.318183297689995,-279.3655924797058,0.5178757835819852
479,22.99026084527436,-278.7009069919586,0.5790510983206332
480,18.546976768413973,-280.65750712156296,0.8415797273337375
481,13.791654694507177,-279.97903966903687,0.8141361106536351
482,16.820078811384207,-276.4722172021866,0.48413073254050687
483,19.09108998177152,-278.4016785621643,0.5574061702936888
484,17.928950327561356,-279.4433049559593,0.7129419590928592
485,22.623718967418302,-279.8934696316719,0.8322250609053299
486,13.087966428402844,-280.87475764751434,0.909007107897196
487,16.499842396167168,-278.6676614880562,0.6794096290832385
488,16.41485334910761,-277.2388924360275,0.550155987177277
489,15.5735124332464,-278.7313058376312,0.6465496069286019
490,18.82380872322801,-277.51218169927597,0.5982594428351149
491,18.768229922314006,-278.68192291259766,0.6289894529618323
492,20.94446444197314,-281.77035117149353,0.5782810118398629
493,15.45962850051352,-280.3652046918869,0.7041844223276712
494,20.04146869555985,-279.6801633834839,0.8622738682897761
495,15.699458364378595,-279.34925347566605,0.6990952747873962
496,20.127534375525343,-279.99597066640854,0.5620298470021226
497,15.134388857739168,-279.7150380015373,0.6198163313092664
498,13.770189620421037,-277.17700320482254,0.604188879893627
499,18.705584178817453,-275.44141548871994,0.4974845160904806
500,19.95642987106032,-277.5524899959564,0.6184573335049208
501,13.648807748217912,-280.95066583156586,0.7214629352092743
502,17.354800227533023,-278.7518615722656,0.6012614579522051
503,9.878532935450915,-275.4029152393341,0.5134482574067079
504,13.081026121873823,-274.10319072008133,0.41224932757904753
505,21.436539394712685,-275.87529039382935,0.4838424866029527
506,15.168256384929904,-279.451882481575,0.6968749239458703
507,16.906268533109163,-279.27609169483185,0.7388575022341684
508,20.51015644612075,-278.169596016407,0.6807547650532797
509,21.861259198520205,-281.32342517375946,0.8268129025236703
510,26.622911228373994,-286.20976626873016,0.9909231942729093
511,18.559347379667518,-284.28457379341125,0.9318890224094503
512,14.748640640954314,-281.0977016091347,0.6825839450466447
513,16.928891477559098,-277.04667234420776,0.5204536831588484
514,17.271782133167527,-277.2656537890434,0.5725351416622289
515,13.066011168232219,-279.22423231601715,0.5572906547167804
516,15.21206751469983,-275.8274676799774,0.49330250825732946
517,19.07892859017063,-276.7775065898895,0.586173226183746
518,21.046511066545445,-280.3376242518425,0.7242418154492043
519,16.59485587668626,-280.1788118481636,0.7259275825344957
520,14.39592738623453,-278.40665370225906,0.6367236540536396
521,12.659885541171228,-276.6171141862869,0.5470824347285088
522,8.540790622908169,-274.346340239048,0.4163318086939398
523,11.665804119556526,-271.1058442592621,0.26559333864133805
524,12.401937757823905,-272.89991664886475,0.31647078445530497
525,19.210458336696657,-289.0033736228943,0.48003276376402937
526,12.604766333877421,-305.83174097537994,0.5659680773387663
527,14.731937162073235,-305.1666383743286,0.4404510628373828
528,21.191625205163874,-303.90940392017365,0.4076697209966369
529,12.639333077620732,-306.76699006557465,0.6086592772044241
530,21.36843895585379,-307.5090790987015,0.5400567629258148
531,20.910683103982795,-309.76154178380966,0.5622836468101013
532,22.3610084065404,-312.6448635458946,0.7765367748797871
533,17.735864256781728,-309.5545946955681,0.8130737302126363
534,11.666659927137395,-307.3335924744606,0.6991465201717801
535,19.664851608571695,-306.1165295243263,0.5532626231433824
536,13.750833695371309,-306.52173244953156,0.4875728782499209
537,19.19996671596928,-305.79109197854996,0.5505067119956948
538,27.1239943959204,-307.50910979509354,0.7569119500694796
539,14.539370014324959,-312.5599356293678,1.0119531876407564
540,17.953843481485414,-310.4230588078499,0.9273230225662701
541,15.07055685246237,-306.55807703733444,0.5827343733981252
542,20.348569207776173,-306.7965215444565,0.5108308170747478
543,14.023196063951117,-307.65169382095337,0.6337750239763409
544,16.164954381060657,-306.03658324480057,0.5976013157051057
545,23.1569376520276,-305.53894340991974,0.5576985164079815
546,22.19997364146748,-311.10936641693115,0.7918531203758903
547,17.00740335405237,-312.31904608011246,0.8061317156534642
548,6.0359534899014315,-305.53953409194946,0.5542152313573752
549,13.977392281141682,-300.10845547914505,0.3349458064476494
550,18.79538557042847,-302.90612506866455,0.4992506522103213
551,19.670368640267373,-307.2069214582443,0.622070559184067
552,25.5380754564313,-311.39049243927,0.8625832101679407
553,10.541725019501056,-310.6387726664543,0.9723660147865303
554,18.673149154778006,-305.82161605358124,0.6646076074393932
555,21.990542006975765,-305.6862437725067,0.4890679648378864
556,10.013555271605851,-308.5975863933563,0.6404588402365334
557,17.482430325223355,-306.97284495830536,0.5921131625364069
558,17.92962557338026,-305.84961915016174,0.5629324021865614
559,19.471388088850283,-307.50011014938354,0.7262883568182588
560,22.2368526858931,-307.9305523633957,0.7308945206459612
561,19.52425592707716,-312.7455902695656,0.8142111765919253
562,20.872008988493903,-311.6300798654556,0.8001733691780828
563,8.268379046567926,-305.3679938316345,0.6090025710873306
564,19.632502955900698,-303.9386695623398,0.5167420321085956
565,18.94578517530047,-307.24323481321335,0.6514732646464836
566,17.590435976842585,-309.1574327349663,0.7595105227082968
567,11.342531654499494,-306.38678151369095,0.7115446256648283
568,16.908207486719732,-305.1600177884102,0.6195658970682416
569,22.28038360016627,-305.3685641884804,0.4713685131864622
570,22.833739247013146,-311.04307794570923,0.7929051324026659
571,16.08407341940199,-311.8996987938881,0.9612346104695462
572,18.32683874415125,-307.85340815782547,0.8428970242966898
573,21.641929166232625,-308.61134642362595,0.8377942673978396
574,13.128334834047775,-309.3043164610863,0.7363038163166493
575,9.08059111579786,-303.3785628080368,0.45752111554611474
576,27.04904386893527,-305.18605077266693,0.7859403228212614
577,19.756780073543798,-310.8159654736519,0.928339044272434
578,14.119051351668386,-309.0209403038025,0.6227274204138666
579,17.68207383307984,-306.10197311639786,0.5351950823387597
580,23.27073952761601,-308.32088881731033,0.6258335905149579
581,11.920474230418634,-309.8350275158882,0.6352537330822088
582,20.89787788218233,-306.90668058395386,0.6712062787846662
583,9.167986553401663,-305.15731847286224,0.7410227688378654
584,12.489262075387924,-302.86887085437775,0.5209936913161073
585,20.200910981543522,-302.85071980953217,0.39501186364213936
586,15.312513669345346,-306.62509298324585,0.6233802978531457
587,19.73075962341497,-308.4933570623398,0.6656462339451537
588,19.681305865351465,-308.623415350914,0.5871052873844747
589,15.406160366171749,-309.332921564579,0.6428649014560506
590,13.833748761135542,-306.66074436903,0.5578660622704774
591,13.881782130120891,-303.2885428071022,0.3686247451987583
592,13.30658485840846,-303.2541515827179,0.3298695995181333
593,14.333376009929635,-303.02540147304535,0.3499728389433585
594,22.13861043961502,-306.46110445261,0.6358455400331877
595,17.40306092809001,-309.9183212518692,1.0260982402833179
596,16.654325161227455,-307.8216464519501,0.8265889565227553
597,18.610180688919588,-307.43579959869385,0.5237680859281681
598,18.106562602024777,-307.67450284957886,0.5637559674214572
599,21.930250755521964,-307.48935800790787,0.6273937516962178
600,13.076589385422542,-397.82596331834793,0.7919276728061959
601,22.263559482335726,-365.52123522758484,0.8122574121225625
602,20.180796156044675,-366.0044463276863,0.7002654433017597
603,13.289815394522213,-365.86371672153473,0.664474387478549
604,16.44935254726207,-362.05809342861176,0.5026592170470394
605,10.392353494198769,-361.44828724861145,0.4074531342484988
606,22.31954632774895,-360.2815297842026,0.5611872270237654
607,17.443676899424656,-363.98709535598755,0.9609880633070134
608,14.56263304204742,-365.8816402554512,0.8617728362441994
609,10.413588768227312,-361.7503618001938,0.5520423567213584
610,13.359646944544071,-360.16089802980423,0.4006166739272885
611,14.59175519807797,-358.84747326374054,0.3429247167077847
612,22.065383398375843,-363.0697117447853,0.6053725312813185
613,18.024687741909776,-366.7706258893013,0.6923111433279701
614,15.065209086121873,-364.63104724884033,0.5682174193207175
615,15.899262214655526,-363.6987030506134,0.53968115785392
616,15.185896755121105,-361.8896778225899,0.5686719107616227
617,18.92860825649813,-362.50154131650925,0.7186729459790513
618,27.952355725377082,-366.29618591070175,0.7310272172908299
619,16.006580849406706,-369.27340173721313,0.8149847690365277
620,14.308905539179332,-367.6566776037216,0.872578457929194
621,12.786565979845204,-361.4535886645317,0.5522488574206363
622,26.946761231846086,-362.87721264362335,0.5827426500036381
623,19.100115334481053,-369.1830611228943,0.8695031901588663
624,12.33513635627492,-365.7376800775528,0.7949657062999904
625,11.380527441577357,-359.4006117582321,0.3873822762398049
626,14.916372028676946,-360.0063194036484,0.3618547560181469
627,16.564694134963123,-362.1259749531746,0.4567993489326909
628,7.996542921791011,-360.72002547979355,0.5398993997951038
629,17.77436798486469,-359.99034440517426,0.5217115244595334
630,20.984773303146667,-363.33069705963135,0.682073238218436
631,15.033996133136478,-364.82971799373627,0.7215678553329781
632,13.976904794652967,-362.71098482608795,0.6117634618422017
633,22.760206727042515,-364.2850779891014,0.6709489575005136
634,24.31645424573152,-368.65091186761856,0.7166856785188429
635,24.67762381018882,-370.86866319179535,0.7718373497482389
636,9.676909869692008,-367.65499049425125,0.7036144419689663
637,20.210870894918884,-362.34046459198,0.5431858894298784
638,11.725349855775015,-362.712617456913,0.6982935700216331
639,17.522332061866955,-362.9590547680855,0.6846235256816726
640,26.424079011788084,-362.4943937063217,0.5216614850214683
641,14.920018906825089,-367.1508157849312,0.7682686540065333
642,14.534583033543127,-366.4482048153877,0.9064861851511523
643,21.87799154315619,-364.29790741205215,0.7044029099633917
644,13.371787311953906,-365.837449491024,0.618538704875391
645,14.983769943577183,-362.82597106695175,0.5836096023558639
646,11.822127270139132,-359.790593624115,0.5329163366986904
647,23.430656956196017,-362.6796511411667,0.7248580796294846
648,14.550789745948945,-365.92304104566574,0.7995442819665186
649,14.197758157046154,-364.7495545744896,0.6628994077909738
650,13.638924871956615,-360.34504067897797,0.48157036321936175
651,15.475706167272982,-361.0224828720093,0.5218610229203478
652,18.905212528169013,-362.9005455970764,0.4688354258250911
653,16.85800483028138,-363.76319020986557,0.44629210681887344
654,18.722317574126617,-365.48504734039307,0.5650167368585244
655,24.29092382896422,-367.1386698484421,0.6398095119511709
656,16.705944737257184,-367.06748801469803,0.6793838064768352
657,22.82001569200677,-367.47916728258133,0.7440403065993451
658,15.905287899023834,-367.3061162829399,0.7576278793276288
659,14.689788224293281,-363.6035079360008,0.6153606081206817
660,12.449965429607342,-360.65879970788956,0.37553614062198903
661,19.215364443029426,-361.48413890600204,0.4417303102381993
662,13.572733287794907,-363.57215505838394,0.5632115385378711
663,17.90863413146624,-363.1018706560135,0.5288015479454771
664,14.058096187335673,-362.30906546115875,0.6125381418969482
665,18.699108504687906,-362.46809339523315,0.6045104998920579
666,18.132409204078975,-365.68888330459595,0.5711103720241226
667,19.277810888323437,-365.93186885118484,0.6535273219342344
668,28.725059767971537,-367.53655314445496,0.892891631287057
669,14.113984628906877,-370.14826023578644,1.0429745980072767
670,19.821153945736466,-366.4351083636284,0.8414942612871528
671,15.269304617323462,-364.2323494553566,0.6751359336194582
672,19.567905474079218,-363.948807656765,0.6587115492438897
673,18.28955990608256,-364.6721858382225,0.6890153894782998
674,17.831059522255902,-365.86810916662216,0.7166297712246887
675,27.128111794696988,-405.7643623352051,0.5910323444986716
676,22.462746847291076,-447.3709843158722,0.7821646354277618
677,11.44347466317867,-445.32774460315704,0.8166348792146891
678,18.208024459481926,-437.5903594493866,0.487904569337843
679,8.03429294214743,-436.6440657377243,0.42743565459386446
680,16.54333999769927,-436.92756325006485,0.41698757431004196
681,21.334156087894307,-438.66036373376846,0.594931461091619
682,19.61110290583646,-442.2494663000107,0.6831246994552203
683,15.844382625898778,-441.9484274983406,0.5380167420371436
684,26.643743922729012,-441.6609153151512,0.7205298465269152
685,18.417732983091263,-444.74280846118927,1.0053210671176203
686,26.918761495222856,-446.7685223221779,1.1063554988941178
687,20.611006350558323,-446.1475981473923,1.037169340183027
688,12.795889263574495,-443.67087107896805,0.7252531015546992
689,12.521145786560803,-439.240927696228,0.492525559180649
690,20.191250149396758,-438.6063485145569,0.4268813983362634
691,17.427668289200003,-440.31711345911026,0.5979079396929592
692,15.392510611944621,-439.4658819437027,0.7051649684435688
693,16.026925864800447,-439.6243007183075,0.6501371968188323
694,11.278495332882802,-438.3789875507355,0.47790062174317427
695,22.529784380114958,-439.0420536994934,0.5152032143669203
696,20.414617867693345,-441.43356144428253,0.732881685369648
697,14.82581081005829,-442.1973223686218,0.8887237147428095
698,27.050310184276533,-443.00395554304123,1.026823435910046
699,20.392766776626615,-445.91836845874786,1.0483094799565151
700,22.14098709551438,-443.6350759267807,0.7849117102159653
701,12.067081077486103,-441.75420051813126,0.7248202328337356
702,20.289738556291507,-440.86404699087143,0.7011265335022472
703,18.785174726781946,-441.32985043525696,0.6102000768296421
704,26.327936067309462,-445.1581017971039,0.6966363610117696
705,18.795506020966766,-444.10094022750854,0.7307258185464889
706,17.325336604956064,-442.1523554325104,0.6538963212515227
707,24.035022830880138,-442.76475459337234,0.6602841157000512
708,26.36312336699646,-447.8777514100075,0.975972835731227
709,6.460179043014125,-445.2522491812706,1.0994311672402546
710,17.712657738966424,-436.5825750231743,0.657466439763084
711,12.53369482955999,-436.535462975502,0.4065209661202971
712,9.204632802841399,-436.8075698018074,0.3521381846803706
713,19.819286223458427,-436.21272760629654,0.4680990853521507
714,9.387287179901284,-436.12384074926376,0.5533385636517778
715,19.571881314248433,-437.62542736530304,0.5575827303691767
716,22.465361762944898,-440.24343222379684,0.6804376117652282
717,17.19370830252382,-442.65186244249344,0.9099889673525468
718,22.991738213514143,-443.43842989206314,0.970031916804146
719,11.41526215106204,-442.60642170906067,0.7732631049584597
720,17.169411438909467,-438.6962673664093,0.5529853631160222
721,21.948986891923806,-440.68556022644043,0.6322707866493147
722,10.88864122002796,-442.61366921663284,0.6993914151098579
723,16.150262178866054,-437.8773180246353,0.5342818810022436
724,16.091325654588967,-436.03244614601135,0.4643335109867621
725,12.175383269165478,-438.55344182252884,0.6696274728165008
726,8.896491576995851,-437.4202290773392,0.6487621781416237
727,11.251300315925993,-433.1222426891327,0.41523418290307745
728,31.62007831958842,-437.94438648223877,0.7230297394853551
729,18.44684182667598,-445.88243812322617,1.0429336243541911
730,18.14264266534436,-444.98979490995407,0.8652139098267071
731,16.590662815217016,-441.1574193239212,0.5421670422074385
732,13.915719692241954,-439.77286726236343,0.4406208630243782
733,22.69666577367829,-440.0844496488571,0.3959854821150657
734,14.08788001349179,-441.6953352689743,0.520409907650901
735,13.42711602904188,-438.9723965525627,0.5251509308000095
736,19.33857531367962,-436.960411965847,0.5058614198642317
737,15.485759114344782,-439.4020568728447,0.6668534887139685
738,18.63382337753286,-440.0893779993057,0.6480761840357445
739,12.698310616454544,-440.20000845193863,0.5179915791668463
740,17.598199132022753,-439.59905457496643,0.5360669838846661
741,18.403515799103136,-439.688736975193,0.5333968581398949
742,21.870080947136934,-441.38558703660965,0.6138130747713149
743,11.782042441344107,-441.15811359882355,0.6676932162372395
744,10.620858263742221,-437.5204012989998,0.537562786747003
745,19.151837644494602,-436.2952843308449,0.49392452093889005
746,12.790943737340625,-438.74783277511597,0.5588608462712727
747,32.71730072906991,-443.84800612926483,0.8764699181192555
748,13.427199731308274,-445.4170116186142,0.9928689593216404
749,16.367152879230424,-441.1259006857872,0.7519053758005612
750,19.17228200702083,-324.0934851169586,0.5734148307819851
751,9.613546776506134,-355.9630477428436,0.5356557024060749
752,17.11377316568792,-355.6460219025612,0.6294069443829358
753,25.47553634904159,-357.70676052570343,0.8407007739297114
754,20.32651287809366,-360.4513369202614,0.9250458052847534
755,14.066885270257895,-360.57668632268906,0.7515566894435324
756,11.155312229392036,-355.1344450712204,0.5170633369125426
757,22.405188814682223,-354.7187023162842,0.6595587343035731
758,13.111908704035256,-357.7865827679634,0.7985003143548965
759,20.095244589039822,-357.9116698503494,0.6871868173475377
760,12.18095752907296,-355.7710594534874,0.6098121184040792
761,13.443005631971754,-352.7278533577919,0.46107172407209873
762,16.998857571252803,-354.88524854183197,0.5198809095600154
763,14.731187135409641,-356.22290658950806,0.5861618632916361
764,12.44800038091039,-355.04555547237396,0.4643947152653709
765,21.379893236484953,-355.7699117064476,0.42772259554476477
766,16.257477359674585,-357.811092376709,0.588143816916272
767,15.936177639668143,-356.63400369882584,0.5858903457410634
768,29.82132404039132,-358.51813757419586,0.6762259732931852
769,13.50867271770123,-362.92542988061905,0.8868054465856403
770,25.80286354353828,-361.17727667093277,0.9029969521216117
771,17.708284442870944,-361.7227588891983,0.8696416498278268
772,20.014478297945015,-362.1471647620201,0.7838414349243976
773,17.308206659714603,-357.2298412322998,0.5684777733695228
774,11.848067947605227,-356.2384541630745,0.4938225305231754
775,15.5548507608815,-354.55189526081085,0.4559439035365358
776,25.116499059355366,-355.7134174108505,0.5359575317706913
777,16.713794191036925,-361.40942054986954,0.7488666409626603
778,18.15501872691923,-360.29398238658905,0.7194471681141295
779,11.989442314385514,-356.6309159398079,0.5545144493225962
780,16.667448873807253,-354.4443063735962,0.5520873120694887
781,14.839612481330859,-355.63104939460754,0.6335618321318179
782,16.957878340492616,-355.1777365207672,0.5782115065667313
783,20.384533463930875,-356.42914241552353,0.7469285703846253
784,16.288865621522515,-360.1340780854225,0.8060755011392757
785,11.94291283098262,-356.81591933965683,0.5572027550661005
786,16.25404400088098,-353.69250309467316,0.4331689503742382
787,11.620436967958035,-353.08480936288834,0.37618505404680036
788,15.055486220488781,-353.5850336551666,0.38023313373560086
789,13.832972851860019,-355.18445724248886,0.46254910103743896
790,9.67647151382939,-353.13565146923065,0.4540754292102065
791,21.283790000102925,-353.40302336215973,0.4419334635895211
792,24.745357259360567,-359.6197217106819,0.5779457614989951
793,18.215151108297285,-362.18575447797775,0.7788164506782778
794,13.629932418314189,-359.30408251285553,0.7686054703663103
795,22.75590198848857,-356.35028713941574,0.6122184700216167
796,15.06566072395699,-357.85488963127136,0.6145293994341046
797,17.33665600145155,-358.45961421728134,0.6351967355585657
798,11.410668212999692,-355.47076946496964,0.5761033097223844
799,12.893822461151014,-353.7196698188782,0.47635855223052204
800,11.589588110812706,-352.27335500717163,0.3626225814514328
801,27.16163500917586,-355.61337810754776,0.6167265038238838
802,11.39489527421171,-358.9681622982025,0.8577850732835941
803,15.704753707708912,-355.8170498609543,0.713092447607778
804,13.798399890101718,-354.759652197361,0.47232364054070786
805,15.394928390223468,-357.29092586040497,0.6346403896459378
806,20.059794234696838,-355.879452586174,0.693564431509003
807,14.540601536682098,-356.40126049518585,0.6068090320331976
808,11.131262369565082,-356.0892367362976,0.5276474083948415
809,25.557474928892287,-354.0003092288971,0.4865840646671131
810,12.755759428465115,-358.24894165992737,0.7903893121401779
811,14.730623103676729,-357.72949147224426,0.7235443610697985
812,20.964623381997722,-355.30202013254166,0.5370253285800572
813,18.93569045769409,-359.94441014528275,0.6612243723939173
814,18.89507899566598,-360.2484894990921,0.7977020719554275
815,16.910149787260313,-358.215413749218,0.6786308842129074
816,14.469099347860023,-357.38635212183,0.5435716158244759
817,12.818365355139349,-354.5458689928055,0.5184391603979748
818,10.827805004364336,-351.24214869737625,0.36113617752562277
819,12.43905087572117,-351.53095787763596,0.35097103740554303
820,22.848580703306297,-354.59924018383026,0.4116856745677069
821,20.547786044247783,-359.36748284101486,0.5628690875018947
822,10.80804496204609,-360.0625094771385,0.6840383491362445
823,18.065313480038213,-355.88668143749237,0.6074905577697791
824,19.79451655093043,-356.03625494241714,0.6006831486884039
825,13.391344804616235,-357.89982318878174,0.7092266420950182
826,18.438160171548283,-347.9513113498688,0.5719182906032074
827,17.820626611231976,-347.6974766254425,0.45943378782249056
828,15.257563024071471,-349.5430053472519,0.5274315915303305
829,17.828613874930497,-348.2762966156006,0.5480114714009687
830,10.691380308242998,-346.3504367470741,0.5325565928360447
831,19.419561708177067,-346.37865245342255,0.5818182497459929
832,10.5711562787162,-346.3130022883415,0.6524318134761415
833,25.869651075961997,-348.044459939003,0.6655287022003904
834,9.576079521480668,-349.34632325172424,0.5801705407502595
835,13.712274960045645,-346.43726831674576,0.41734537374577485
836,11.88766747131035,-343.2681128382683,0.34210961588541977
837,19.04806070445382,-345.7873294353485,0.6731288959563244
838,14.888917652626933,-348.2831474542618,0.8184022268978879
839,12.074087854439247,-346.7275068759918,0.6993020859081298
840,12.908476531474665,-343.69220024347305,0.5494186487921979
841,8.92837467742457,-342.7017549276352,0.5032936140778475
842,7.85756653704559,-342.1809718608856,0.42646498532849364
843,15.704186542666104,-341.45634484291077,0.2426952793612145
844,16.588495829282536,-345.41688174009323,0.41668287466745824
845,14.161752026342251,-348.5769832134247,0.5520474992808886
846,12.026134960893046,-346.00808680057526,0.47922516998369247
847,12.922117538863754,-344.4547614455223,0.385014861705713
848,9.67505471311902,-343.1034526824951,0.35682353330776095
849,11.897583742689152,-341.96411097049713,0.30355230541317724
850,15.656915001559847,-344.5920515656471,0.38343874931160826
851,19.17744304665327,-347.36904180049896,0.6755164478672668
852,27.64184035770016,-350.51149904727936,0.9290158700896427
853,18.797892229628147,-353.94695949554443,0.9921475816518068
854,13.952210736191931,-351.8133562207222,0.8231275484431535
855,19.29527364098967,-349.4314132332802,0.6514936743187718
856,12.535992590641598,-348.4375664591789,0.5990916056325659
857,17.12514630194992,-345.7585783004761,0.46133313718019053
858,22.47715145328064,-348.61488419771194,0.5802807943546213
859,23.85923497411149,-352.88396072387695,0.8379974103299901
860,16.44598650620527,-353.8737509250641,0.839650513138622
861,9.58181546735026,-348.57367849349976,0.7281223504105583
862,10.494844706580931,-343.6314564347267,0.519050906324992
863,11.20518082594989,-341.9229282140732,0.35945522182737477
864,22.075262996062264,-344.1611419916153,0.5015865082677919
865,21.619508823627044,-352.66455966234207,0.8223514899727888
866,21.345623866871236,-352.35849583148956,0.8763597494107671
867,18.91424140684774,-350.8315387368202,0.9365509011549875
868,14.200704281629767,-351.2077837586403,0.8176880097598769
869,10.490919886244239,-346.152584195137,0.41385554044973105
870,16.817708575813782,-346.19070291519165,0.5324171636602841
871,13.794404662141304,-347.1325089931488,0.5751519853947684
872,14.047961101765157,-345.2865080833435,0.45484720956301317
873,16.74680561473146,-344.75997292995453,0.47441481321584433
874,13.973193066278764,-346.5233556628227,0.5198943386785686
875,15.576262635105877,-346.81078749895096,0.5663113127520774
876,13.122632315251517,-346.6178003549576,0.6591141788230743
877,17.68273110467636,-346.9042802453041,0.5691275996796321
878,22.66624106229196,-350.1995519399643,1.0994053859612904
879,10.87269710595817,-350.7450565099716,1.3477352498448454
880,14.440680141681177,-346.7492907643318,0.7666766280599404
881,18.96435485208089,-346.5421065688133,0.6529990824346896
882,15.584017265203743,-347.8572375178337,0.6850389819592237
883,21.126042629922388,-348.8906708955765,0.6663611612166278
884,10.253812298614054,-348.08986431360245,0.7147598221199587
885,23.243415660941462,-348.332883477211,0.7080896752886474
886,14.887206709684138,-349.2461488246918,0.612682105449494
887,19.967676375884388,-348.29858791828156,0.5642594704695512
888,26.16484786885937,-350.90975308418274,0.7416534195072018
889,22.53850815364327,-357.04972618818283,0.77523385907989
890,11.581686072209258,-352.81134551763535,0.5646596932492685
891,10.66476700584334,-345.6138126254082,0.36102458959794603
892,13.419273548188842,-343.6771076321602,0.3888977409224026
893,21.05446597483007,-344.2819604873657,0.5654245874320623
894,12.26134143503394,-347.99972957372665,1.0072959190583788
895,14.359976251207737,-348.3011502623558,0.9937872537411749
896,18.479095601243333,-346.84772032499313,0.6756989000132307
897,17.698181763781218,-348.8773337006569,0.6550338137312792
898,24.885166021020925,-351.6771439909935,0.8093064356362447
899,23.99895484101303,-355.8310555815697,0.9621588687296025
900,21.70521855146624,-481.8148868083954,0.8243989456677809
901,17.46602543806605,-457.09034568071365,0.6329467351606581
902,19.394244366564507,-456.41164231300354,0.6390906300512142
903,21.350432070360895,-458.64058071374893,0.919041779183317
904,19.679429876274384,-458.20821011066437,0.9032614592579193
905,17.544744952962844,-456.2851131558418,0.6732785573694855
906,14.354843798170961,-454.24850672483444,0.5655135804554448
907,26.75710594553899,-455.6894398331642,0.6448913699714467
908,12.845613480744849,-458.3561038374901,0.7776877975557
909,19.46227465073784,-455.67396199703217,0.7634901014971547
910,24.699002955891817,-457.4736813902855,0.8770056419889443
911,16.887699393982803,-459.65566515922546,0.8498508656048216
912,13.033098607046,-454.7790678739548,0.5921010506572202
913,23.826871115904144,-453.4604027271271,0.5594532305549365
914,19.544721220633875,-456.7908983230591,0.7278241888270713
915,19.554402665085515,-457.3028806447983,0.7943991314386949
916,14.019168653376637,-456.8066617846489,0.7244699411094189
917,19.426451176077887,-455.625585436821,0.6435059426585212
918,14.00505118168641,-453.0688235759735,0.550668065843638
919,17.80173809529914,-452.60189509391785,0.46561190724605694
920,17.008911339645405,-454.5269301533699,0.5888704464305192
921,14.158961045644451,-454.8532617688179,0.6757745051872917
922,16.046843489536624,-452.9038733243942,0.5688062224071473
923,25.462924927908254,-453.60981649160385,0.5056950686848722
924,11.78335306015146,-456.89396995306015,0.6576019715867005
925,18.600651007899796,-456.1494510769844,0.7423909131321125
926,12.25320462648307,-453.01961117982864,0.5436592905025464
927,21.95740728064735,-453.37817430496216,0.5084312906838022
928,7.607449109369252,-453.53892785310745,0.6041996841086075
929,22.99846769249696,-453.936661362648,0.837154833949171
930,12.306343968067253,-453.1448137164116,0.8557544428040273
931,11.794959448527038,-450.2603217959404,0.5221566214750055
932,10.714771353384519,-448.92985838651657,0.40355195649317466
933,21.643700707962793,-451.93101584911346,0.5638222411216702
934,7.094168436111237,-453.2421236038208,0.6675709477858618
935,18.949405893756765,-451.43606758117676,0.5339708275278099
936,14.187083130267622,-451.97551703453064,0.4653369831794407
937,21.284979169591526,-453.4155396223068,0.5037331107305363
938,16.3330985243628,-454.8323527574539,0.6968997843214311
939,16.07871021021026,-454.22732174396515,0.6722973933210596
940,15.890935232985138,-454.00614070892334,0.767735228757374
941,10.100616582158406,-453.08411860466003,0.7301765909651294
942,19.88388823071643,-449.84203243255615,0.47254129440989345
943,20.221038543044603,-455.2925363779068,0.699669168679975
944,20.897187851722204,-459.81878823041916,0.6098113465704955
945,20.3778840950166,-457.83766478300095,0.7175374340149574
946,16.281060399435447,-456.220310151577,0.8400005535804667
947,10.244927295430648,-453.6218078136444,0.6337117627845146
948,17.072091049332595,-452.17197728157043,0.5304977452324238
949,24.448804898619546,-454.4020756483078,0.5272982177848462
950,15.640147500351523,-456.297409594059,0.660204907937441
951,20.62241060584261,-457.3097412586212,0.8070919383317232
952,21.818522775652923,-456.33965653181076,0.854725131066516
953,11.412169637747201,-456.62795317173004,0.9598061597789638
954,22.195968871682943,-455.124089717865,0.8293282263621222
955,17.944665383538148,-454.86070877313614,0.8082598788314499
956,15.893831777311389,-457.11275351047516,1.0938745026942343
957,15.953738215375955,-455.11798840761185,0.911608318623621
958,11.970529038738249,-451.7471778988838,0.5076278740307316
959,8.2470291468275,-449.06356489658356,0.3682945409673266
960,18.21897806939347,-448.41572189331055,0.4333014280127827
961,9.619619019492898,-450.9073429107666,0.6444165020948276
962,13.935423216282759,-450.9241227507591,0.5866295144660398
963,15.901509570760734,-450.1467326283455,0.3458849262678996
964,26.423667042075056,-455.0352045893669,0.6221895438502543
965,21.030620472783816,-460.2813801765442,0.9845675898250192
966,16.34539886343888,-460.33404499292374,0.8646339440601878
967,26.04782039203039,-457.1889104247093,0.6742907159496099
968,24.68821933804813,-460.9944314956665,0.7934131434885785
969,13.302127110586705,-460.08498752117157,0.832434349518735
970,14.322641962554599,-453.3752112388611,0.6781454265583307
971,18.07641510008808,-451.5986510515213,0.546511184918927
972,18.021500547035142,-454.03173422813416,0.5701506769983098
973,18.174667090528697,-456.7267841100693,0.6325819860212505
974,13.975061598086015,-455.6698945760727,0.6235867788782343
975,13.388557391254809,-305.7434196472168,0.5742975436733104
976,19.140863806484035,-278.17305767536163,0.534923929546494
977,27.69926648800596,-283.3349217772484,0.7310982816852629
978,15.83484408801206,-286.68089348077774,0.8783737312769517
979,21.28045162099721,-282.97698825597763,0.6861588291358203
980,21.353701530788438,-281.32549488544464,0.6284978571056854
981,31.35380915404491,-287.6732558608055,0.9325127376359887
982,13.157924317676255,-290.26530611515045,1.1767434348585084
983,19.62570075610731,-284.67899268865585,0.9252675489988178
984,18.61727817116012,-280.5759053826332,0.5157216443330981
985,13.727187210767829,-281.15098053216934,0.6429820375342388
986,15.65338039338278,-280.5828167796135,0.628886477148626
987,25.01010186322283,-281.5473731160164,0.6500304281362332
988,17.135332824309053,-283.0981048941612,0.8028408215614036
989,15.174412166904341,-282.38011479377747,0.7151376246474683
990,16.24107768545286,-280.39883679151535,0.5864278685476165
991,19.881715090494463,-278.6876689195633,0.5615446963347495
992,6.562477596376102,-279.6138107776642,0.7432209670078009
993,15.2444713272493,-278.17931509017944,0.6591509080899414
994,21.993861988069963,-279.0070738196373,0.5454086769605055
995,22.30387538797577,-284.1888800263405,0.8439062419929542
996,24.194420216031755,-286.2006875872612,0.8321260825614445
997,18.52410626238426,-285.92281103134155,0.6506989620393142
998,15.63503753849529,-282.86563271284103,0.5503025383222848
999,13.606243069198388,-280.20994687080383,0.6854496476589702
1000,19.002475100357703,-280.0471412539482,0.8162397682317533
