,reward,actor_loss,critic_loss,dep_proportion,dep_threshold
0,74.3291476555193,-80.4821286983788,4.451198507566005,0.986,0.33533355593681335
1,51.07683230766449,-77.60430084168911,3.677994200028479,1.0,0.5255553722381592
2,56.633930195655864,-70.77072264254093,3.320505552459508,1.0,0.39888930320739746
3,18.70850401958776,-65.46209668368101,3.0654529738239944,1.0,0.5495550036430359
4,47.52857690468742,-60.05783061683178,3.3409256720915437,0.998,0.4684436023235321
5,54.27668983885857,-57.600724034011364,3.192268940852955,1.0,0.4953329265117645
6,17.547671747128476,-53.64316815137863,3.2550680162385106,1.0,0.498666912317276
7,66.36274712100115,-51.15180578827858,3.2507343203760684,1.0,0.627776563167572
8,51.01887089878429,-52.223659075796604,3.184211734449491,1.0,0.5033329725265503
9,36.3563791487322,-50.83886615931988,3.149311297107488,0.928,0.4031117260456085
10,65.00455102402208,-50.265340358018875,3.2226479535456747,0.942,0.4659988582134247
11,38.13877286680596,-50.538158655166626,3.217021286021918,0.906,0.45266616344451904
12,51.13570946924056,-50.68595951795578,3.4074642611667514,0.96,0.6299980282783508
13,61.35740555878078,-50.12844803184271,3.3741425385233015,0.942,0.5702214241027832
14,51.41286533804596,-49.862624406814575,3.3428942237515002,0.932,0.45599979162216187
15,54.83378107078919,-49.74644309282303,3.307215868262574,0.92,0.41311126947402954
16,50.14075170614392,-50.87733443826437,3.147670806851238,0.898,0.5304439663887024
17,39.6261262678731,-50.148539923131466,3.1148089130874723,0.918,0.4602217674255371
18,58.91150057160045,-49.701159693300724,3.1341249959077686,0.934,0.35533446073532104
19,57.78629498210647,-50.44850240647793,3.1641527418978512,0.958,0.23400068283081055
20,52.055193948155754,-49.51022671163082,3.050864893011749,0.904,0.34800052642822266
21,35.30504354353966,-48.68778635561466,3.007055288879201,0.912,0.35400068759918213
22,41.11578530776034,-48.51267120242119,3.0332339231390506,0.926,0.2984445095062256
23,22.770285018790062,-46.92405652999878,3.0496011320501566,0.89,0.6111093163490295
24,62.59679562023884,-47.638981997966766,3.045622295467183,0.95,0.7219971418380737
25,34.4271005440474,-48.468593172729015,3.0316672562621534,0.952,0.6348878741264343
26,61.74192390218373,-48.34966342151165,2.9819342822302133,0.96,0.6315536499023438
27,97.6157502133629,-50.23469313234091,3.018096224637702,0.976,0.6557762026786804
28,31.928606858268484,-50.42704174667597,3.0948565376456827,0.934,0.6208880543708801
29,72.08912368446794,-50.968003913760185,3.2245404322165996,0.916,0.708220362663269
30,33.884967513042156,-51.1364516094327,3.121415758272633,0.912,0.699553370475769
31,25.1712773445269,-50.491553887724876,3.111830163747072,0.866,0.7095538973808289
32,53.54789010866183,-49.04940528422594,3.0289985958952457,0.96,0.5355554819107056
33,57.85972068258259,-49.60606591403484,2.980715468758717,0.986,0.6771088242530823
34,37.050075733865015,-49.9578420817852,2.982928945682943,0.986,0.5722213387489319
35,42.2820812017737,-48.619733192026615,2.967895405367017,0.9,0.6562198400497437
36,52.80626361480404,-48.32677637785673,2.917790750041604,0.972,0.49066755175590515
37,51.768331249439406,-49.56756176799536,2.921093829907477,0.956,0.6246656775474548
38,48.41886943287949,-49.66522481292486,2.9276514654047787,0.972,0.609776496887207
39,61.84004631620793,-48.39483816921711,2.8231408840510994,0.942,0.5244445204734802
40,49.09997382336101,-49.0578234270215,2.9217926010023803,0.96,0.5571109056472778
41,48.24721197018071,-48.586241975426674,2.8938922830857337,0.944,0.6524419784545898
42,50.371004143714735,-49.42903067916632,2.8900158929172903,0.96,0.6666654348373413
43,44.08651838680393,-50.36761372536421,2.886452536797151,0.948,0.6568862795829773
44,55.068948364229875,-50.430625550448895,2.781308076577261,0.92,0.5142233371734619
45,27.375982560582433,-50.776016026735306,2.790149424225092,0.95,0.5933325886726379
46,49.599401590754994,-50.11324864625931,2.828698590863496,0.94,0.6793310046195984
47,78.93096814671954,-49.86291553080082,2.82054251129739,0.988,0.7793301939964294
48,37.354114916153264,-48.54552299529314,2.7535942792892456,0.95,0.5951103568077087
49,65.77029962636894,-48.45795043557882,2.705309026641771,0.976,0.44133394956588745
50,32.402564232297536,-48.39860808104277,2.6968198427930474,0.97,0.6388874053955078
51,51.40121480507279,-49.67547990381718,2.711391104152426,0.918,0.533109724521637
52,53.87541343955226,-50.29864380508661,2.6418676008470356,0.954,0.5031111836433411
53,36.80541054186794,-49.44268447160721,2.6629972103983164,0.912,0.43577882647514343
54,41.93632705696428,-48.37981201708317,2.6638634700793773,0.91,0.5559988617897034
55,29.84992117246364,-48.431052915751934,2.7468923162668943,0.92,0.6799979209899902
56,49.09616535074984,-48.36771336942911,2.7789433379657567,0.984,0.7968848347663879
57,51.086981040222334,-48.670452773571014,2.8041071996558458,0.986,0.7531079053878784
58,44.98563931982905,-48.217105217278004,2.891345855779946,0.936,0.715330183506012
59,16.81432526670471,-47.11150769889355,2.7913199712056667,0.95,0.6353327035903931
60,65.86190829712059,-46.401130095124245,2.8523790172766894,0.924,0.6117760539054871
61,10.565982869657388,-45.92177068442106,2.886934834998101,0.814,0.6186659932136536
62,40.31341092167668,-44.76631025969982,2.959537123097107,0.928,0.7057743668556213
63,31.104667723854337,-43.721110470592976,2.913043291075155,0.964,0.7504420280456543
64,56.65337179087607,-43.58053571730852,2.899763382039964,0.974,0.6935529708862305
65,46.70675521142484,-44.06942576169968,2.9773051340598613,0.982,0.5871096253395081
66,51.237131929001514,-45.06645018607378,2.9881828378420323,0.978,0.723330557346344
67,64.30231490314257,-44.10440148413181,2.865372360451147,0.984,0.7473301887512207
68,38.228373250210005,-44.345903754234314,2.7858244734816253,0.962,0.7408851385116577
69,47.63972703607769,-43.57476285845041,2.8031994129996747,0.928,0.7197747826576233
70,46.17358915271484,-43.26392936706543,2.7781449172180146,0.952,0.7513293027877808
71,59.307629003537045,-44.73494428396225,2.8340882149059325,0.948,0.724886417388916
72,52.58747794121368,-44.31412035226822,2.823259432800114,0.96,0.7442192435264587
73,36.7996961428332,-43.03257153183222,2.723647606326267,0.882,0.7564422488212585
74,42.97625797125543,-43.66139308363199,2.675742850638926,0.884,0.7597737312316895
75,46.98610413915063,-43.8674897775054,2.6715688998810947,0.982,0.7657750248908997
76,51.069999377435984,-44.934630788862705,2.745116636622697,0.936,0.7277747988700867
77,37.700780023440714,-44.48876864463091,2.680527063086629,0.958,0.5826658010482788
78,45.589683375724164,-44.63012157380581,2.6817270249594003,0.956,0.5451096296310425
79,48.97124653955117,-44.77497613430023,2.6674148910678923,0.94,0.6022202968597412
80,39.82607612114532,-45.621751844882965,2.5124943144619465,0.938,0.6788868308067322
81,47.72711486370655,-45.87190995365381,2.432821489404887,0.89,0.5388889908790588
82,48.060014881173814,-46.826220996677876,2.431595672154799,0.91,0.6399980187416077
83,51.15903784304202,-47.608326733112335,2.414265298983082,0.934,0.3713335692882538
84,47.61108988692707,-47.65839794278145,2.4076174134388566,0.952,0.3204449415206909
85,50.707757771033,-47.544929422438145,2.379027110291645,0.962,0.34244537353515625
86,39.82241672507522,-47.86880427598953,2.4041759301908314,0.976,0.43111124634742737
87,43.831409542750606,-46.38918708264828,2.393253543181345,0.884,0.5864425301551819
88,72.6928315987413,-46.46298972517252,2.4480587881989777,0.966,0.5577769875526428
89,51.31029758259633,-48.5496945604682,2.5951192351058125,0.98,0.5464436411857605
90,43.958758612116036,-48.1258102953434,2.521480431314558,0.948,0.5713328123092651
91,38.4776418748228,-47.20203444361687,2.5392170241102576,0.9,0.4673334062099457
92,53.45022838657784,-46.79613991826773,2.4915756669361144,0.96,0.4448896050453186
93,36.49461594738825,-46.5151177495718,2.501482527470216,0.952,0.48733341693878174
94,5.629615237588776,-46.262547969818115,2.5659725521691144,0.862,0.4553338289260864
95,54.806003601973856,-45.482449539005756,2.5910873615648597,0.884,0.2633340060710907
96,40.291133804901406,-46.02002323418856,2.6367323242593557,0.982,0.21066682040691376
97,52.78343892567956,-45.238028928637505,2.622662139357999,0.974,0.4962213635444641
98,68.07055703116147,-46.5089458450675,2.595527970697731,0.978,0.35022252798080444
99,57.25010258349556,-47.13262452185154,2.741863905219361,0.988,0.37377750873565674
100,64.11735985694662,-47.657894499599934,2.7525253610219806,0.966,0.4131109118461609
101,39.92107249973146,-48.52363841235638,2.841708316700533,0.946,0.37355586886405945
102,68.01241923309234,-48.02169018238783,2.8189344599377364,0.952,0.2559998035430908
103,44.06938448029732,-48.993760734796524,2.8462680974043906,0.952,0.3926675319671631
104,27.89595027607888,-48.36428263783455,2.873607077402994,0.934,0.5464432239532471
105,33.82876132713785,-47.56171219795942,2.8787239836528897,0.95,0.41844412684440613
106,57.25665359453999,-47.67796891182661,2.887558369198814,0.986,0.18755561113357544
107,55.79182768868575,-48.77301476895809,2.9250669593457133,0.976,0.39066585898399353
108,46.02760193031306,-48.56067707389593,2.901606642641127,0.974,0.529555082321167
109,25.17013805748441,-46.70095735788345,2.747398365987465,0.96,0.4406665861606598
110,51.8658101894455,-45.979787826538086,2.7587860247585922,0.962,0.4613329768180847
111,35.03295209601949,-45.285335689783096,2.6845464759971946,0.966,0.48710986971855164
112,61.96901040472115,-45.96334019303322,2.678880741354078,0.962,0.5479986667633057
113,41.58858657820012,-46.79185623675585,2.740103227319196,0.962,0.41444408893585205
114,63.34448347437593,-48.35706562548876,2.685135617153719,0.952,0.42666757106781006
115,38.347016129302936,-49.92667159438133,2.6487613457720727,0.912,0.4648894667625427
116,33.574143303481534,-48.7473338842392,2.648905764799565,0.91,0.47355490922927856
117,46.15382969557065,-48.16174901276827,2.6833838776219636,0.93,0.5595548152923584
118,34.96905828631388,-48.14929781854153,2.8396151289343834,0.982,0.48422253131866455
119,33.84901537321082,-46.48145941644907,2.759296137141064,0.918,0.4693334400653839
120,21.58953546794262,-44.748350918293,2.6754891846794635,0.928,0.5239993333816528
121,25.018713873440436,-43.57267465442419,2.6064402903430164,0.93,0.4360003173351288
122,46.894703402090926,-41.696403205394745,2.5554739320650697,0.908,0.2746673822402954
123,39.641480415986706,-41.4062812179327,2.548851126804948,0.968,0.2031109482049942
124,60.91905212262286,-41.45208951830864,2.5518901152536273,0.976,0.3242226541042328
125,40.421513658471866,-43.065466433763504,2.6672844735439867,0.98,0.18311093747615814
126,81.6312494814815,-43.46618027985096,2.7529545705765486,0.97,0.3466666638851166
127,35.35083248266749,-43.8464198037982,2.7452902593649924,0.956,0.34555596113204956
128,49.30078427660495,-43.29639109224081,2.742559007834643,0.932,0.3662221133708954
129,47.43237517832905,-44.24567690491676,2.8076802294235677,0.936,0.5826661586761475
130,32.37046380083012,-44.76472196727991,2.8693940688390285,0.926,0.45488911867141724
131,57.639409103283185,-44.92027434706688,2.898947408189997,0.958,0.29733389616012573
132,41.52418180885066,-44.59627224504948,2.8836406983900815,0.958,0.38022199273109436
133,53.01928317416026,-43.49441220611334,2.806508091278374,0.99,0.40466606616973877
134,58.8647060163033,-44.727008163928986,2.8462726757861674,0.994,0.45577701926231384
135,45.126481627466035,-43.83503742516041,2.803595231147483,0.974,0.4833322763442993
136,37.48072791945816,-44.29775029420853,2.805744062876329,0.972,0.4348887801170349
137,46.12079098057459,-45.438961289823055,2.8562340701464564,0.958,0.3744452893733978
138,59.88829112682212,-45.44470311701298,2.7517813849262893,0.984,0.23511120676994324
139,35.91597915585156,-45.865228950977325,2.7082238618750125,0.954,0.365777850151062
140,65.35748631477892,-46.77601496130228,2.6893224240047857,0.98,0.35555532574653625
141,47.44954952432862,-48.86273691058159,2.707504055928439,0.974,0.38288840651512146
142,65.97729173384833,-49.946989230811596,2.8017470743507147,0.94,0.352222740650177
143,54.34324076003146,-50.408303275704384,2.863350602798164,0.95,0.4391102194786072
144,23.435656939401273,-50.714192271232605,2.836804138030857,0.95,0.411778062582016
145,59.867343425429674,-49.476026482880116,2.7870906004682183,0.896,0.507554292678833
146,20.157177331082295,-49.22768485546112,2.741261448711157,0.978,0.4864443242549896
147,49.901957160927125,-47.21827708184719,2.6845183421391994,0.95,0.3033340573310852
148,57.059085836467496,-48.17406655102968,2.777738553006202,0.972,0.1735556572675705
149,28.9680724561744,-47.87421519309282,2.7082034815102816,0.95,0.3833335041999817
150,53.76759054595303,-47.744146682322025,2.7480928050354123,0.836,0.394223690032959
151,39.175190760585345,-47.458514742553234,2.779539314331487,0.826,0.3444449305534363
152,56.247115881060395,-47.99509456008673,2.764440937200561,0.928,0.252444863319397
153,60.91392272085277,-48.14720883220434,2.7983959489502013,0.89,0.28311118483543396
154,34.71037226642233,-47.50649695843458,2.8208760709967464,0.884,0.31244438886642456
155,39.21537941765329,-47.097311459481716,2.8186827378813177,0.798,0.36444443464279175
156,51.893419277996536,-47.312900841236115,2.774309358559549,0.938,0.29888927936553955
157,29.335378168822846,-47.26327207684517,2.7980367317795753,0.866,0.3602224290370941
158,31.744701434956543,-46.76188392192125,2.7115238381084055,0.892,0.35200077295303345
159,49.20641771795468,-46.16214530169964,2.7481870653573424,0.83,0.3668901026248932
160,39.43301565299703,-45.300988011062145,2.6942042007576674,0.892,0.35133397579193115
161,48.89670692220622,-44.31168783456087,2.6243416394572705,0.872,0.3675558865070343
162,42.47932126637299,-44.49935217946768,2.6016246678773314,0.818,0.40422242879867554
163,31.984069565556183,-43.91762224584818,2.5932663436979055,0.874,0.28733354806900024
164,15.75811999750012,-42.57754500955343,2.559701613150537,0.674,0.4155561625957489
165,43.572565452204955,-41.59744966030121,2.5566408513113856,0.854,0.4644445776939392
166,61.017528658657994,-42.33687637746334,2.5163067642133683,0.956,0.5220008492469788
167,37.303796433389785,-43.221197068691254,2.5500700406264514,0.824,0.5377779006958008
168,49.159509909620425,-41.93961813300848,2.4507705031428486,0.892,0.42288938164711
169,43.17916416164011,-42.95866046100855,2.3887965499889106,0.93,0.4508892595767975
170,10.84632326501239,-42.191782630980015,2.3469831955153495,0.668,0.5108890533447266
171,57.77095400440557,-41.68771532922983,2.3298906977288425,0.902,0.3251122236251831
172,50.499155908324646,-41.529171362519264,2.323327838210389,0.99,0.21711136400699615
173,39.51668624679928,-41.42452036589384,2.2832643899600953,0.99,0.1984444260597229
174,54.42704997968852,-41.03054892271757,2.238783750217408,0.942,0.28733378648757935
175,42.42807050766252,-41.68451564013958,2.3400004801806062,0.87,0.3342227339744568
176,40.062559886277036,-41.09764362871647,2.3650905566755682,0.874,0.310222864151001
177,50.29665245094761,-41.55626664310694,2.351218001684174,0.85,0.3113330900669098
178,58.18962944395677,-42.19291044026613,2.3253039456903934,0.902,0.3242226243019104
179,63.42751964432108,-43.545862436294556,2.36084162350744,0.99,0.30844518542289734
180,54.93411836153867,-44.52973213046789,2.4340090474579483,0.978,0.36555612087249756
181,65.20165795838251,-45.96922728419304,2.5298934294842184,0.98,0.3944459855556488
182,55.20984095887252,-46.481655582785606,2.452707119518891,0.94,0.37999996542930603
183,45.07984816351737,-46.64669868350029,2.4273998271673918,0.924,0.38688960671424866
184,35.57925261492458,-47.55383660644293,2.3647700378205627,0.852,0.3706669509410858
185,46.69754334859923,-48.36125461757183,2.354439082555473,0.96,0.3340013325214386
186,60.6044185481554,-47.56040295958519,2.4385770584922284,0.924,0.4846663177013397
187,27.086078816825346,-47.74458999186754,2.4635721808299422,0.82,0.4680006206035614
188,32.1432699681732,-47.06881579756737,2.468397355871275,0.932,0.3413339853286743
189,43.91648423614943,-46.118140794336796,2.4384153173305094,0.986,0.24911147356033325
190,45.79283709775984,-47.153530813753605,2.4952823168132454,0.91,0.41933324933052063
191,53.659033461487205,-48.540108770132065,2.460877791978419,0.896,0.42955559492111206
192,45.45127470850703,-49.019607700407505,2.563188773812726,0.964,0.4097784459590912
193,36.62642506422468,-47.8679311349988,2.626839234493673,0.778,0.5002223253250122
194,36.926356707776314,-48.14456728845835,2.571192161878571,0.886,0.383333683013916
195,43.776339166537284,-47.461022056639194,2.557852156693116,0.82,0.4142220616340637
196,61.78727068767493,-48.38022018969059,2.600233898963779,0.876,0.45799970626831055
197,56.21775541360515,-48.896038234233856,2.606810280587524,0.886,0.46399980783462524
198,32.600503304257714,-48.371149860322475,2.6214612221810967,0.748,0.4539995491504669
199,45.534771269613124,-47.07380589842796,2.6660028758924454,0.776,0.3717787563800812
200,52.3115800544354,-46.651947520673275,2.594795326469466,0.828,0.36311158537864685
201,50.3601738980484,-46.1994905769825,2.490368504775688,0.916,0.30866682529449463
202,64.85554321023184,-46.016906298696995,2.4834860186092556,0.862,0.4031115174293518
203,56.89701121190595,-46.580676048994064,2.5354907324071974,0.924,0.40822234749794006
204,42.65245910345483,-46.86911042034626,2.5603362573310733,0.834,0.44511160254478455
205,14.77714636357777,-46.081985250115395,2.5206912998110056,0.788,0.4515564739704132
206,30.779175147284292,-44.75259669870138,2.5064097880385816,0.782,0.37644532322883606
207,43.61976864027001,-44.3238175585866,2.3522749363910407,0.928,0.3533330261707306
208,89.9225327631746,-46.22194454818964,2.474146724678576,0.938,0.3962218761444092
209,31.012878174261104,-47.4646295979619,2.5965585680678487,0.848,0.3922221064567566
210,63.537271450444685,-47.75511772185564,2.59462862694636,0.952,0.25466689467430115
211,46.37407321571358,-47.53095442056656,2.581414728658274,0.936,0.3122222423553467
212,40.31565259284031,-47.19873175770044,2.5342043524142355,0.946,0.3348894417285919
213,49.465345571202995,-48.2373823672533,2.5518274509813637,0.968,0.28755542635917664
214,71.79665818276396,-48.80075991898775,2.578805583762005,0.958,0.3642229735851288
215,59.428418507811514,-49.429835237562656,2.5751818146090955,0.92,0.3511117696762085
216,53.6776362323988,-49.44563339650631,2.6243021176196635,0.94,0.3415554165840149
217,36.411450810372756,-49.06206802278757,2.61549359257333,0.806,0.3626670241355896
218,35.33205660709719,-49.18827071040869,2.6264453711919487,0.782,0.42244482040405273
219,36.28598865800693,-49.22980711609125,2.637670960975811,0.896,0.296000212430954
220,40.00605205348129,-48.09548278152943,2.6380465640686452,0.81,0.445110559463501
221,41.7583017478603,-47.37200479954481,2.6426780242472887,0.898,0.3471108675003052
222,76.21293117736484,-48.2895517423749,2.6324003785848618,0.924,0.2760002613067627
223,58.81628583473413,-48.33866564929485,2.764773515285924,0.978,0.3284447491168976
224,49.04262635036911,-48.54702201485634,2.7773220271337777,0.932,0.3337782919406891
225,64.69762311467818,-49.20068261772394,2.758177306735888,0.96,0.40400025248527527
226,59.67981065396332,-51.944564774632454,2.8276675269007683,0.988,0.35799965262413025
227,52.96623802490029,-53.39279216527939,2.817716164747253,0.976,0.374889075756073
228,49.455345054193515,-52.634910859167576,2.843118356540799,0.964,0.43222174048423767
229,64.06383977430733,-51.76668357104063,2.7848731686826795,0.956,0.454222172498703
230,53.76883842079662,-52.151639737188816,2.814462105045095,0.936,0.3360009789466858
231,18.11954386762623,-51.80784261226654,2.816041748272255,0.916,0.3904452323913574
232,46.851988421543886,-51.482319451868534,2.8747319413814694,0.962,0.2706663906574249
233,42.304409588283555,-51.20584811270237,2.9679794581606984,0.92,0.5362217426300049
234,50.48018638814532,-50.01750446856022,2.8184080296196043,0.962,0.5604432821273804
235,46.25137954594642,-49.578300423920155,2.7429446855094284,0.938,0.5044434666633606
236,47.8793765110197,-48.499191366136074,2.7101231704000384,0.906,0.5526663064956665
237,49.08455397122466,-49.38782525062561,2.7013287802692503,0.974,0.39155617356300354
238,40.503278106898044,-49.82478430867195,2.752686558291316,0.93,0.5053336024284363
239,40.178395832813784,-49.62259327620268,2.7378688401076943,0.94,0.40888890624046326
240,51.947057956282336,-50.68935887515545,2.7518048032652587,0.954,0.4442228674888611
241,41.30570931458055,-50.59617654234171,2.7624309447128326,0.972,0.42088961601257324
242,58.54254383045365,-49.59049932658672,2.7077732742764056,0.944,0.5346664786338806
243,49.6742721194845,-49.5792930573225,2.6442788986023515,0.98,0.4566672742366791
244,44.108590489563234,-49.45117651671171,2.628932907478884,0.942,0.4480000138282776
245,63.863722313014,-48.84601318091154,2.6354288069996983,0.94,0.5146657824516296
246,29.1155062769641,-48.518946051597595,2.568014182616025,0.922,0.48755526542663574
247,42.73800794693321,-46.821313582360744,2.554265392245725,0.912,0.4462226629257202
248,46.35537674559482,-46.224779434502125,2.444791834568605,0.978,0.3584446310997009
249,53.948809423092044,-46.82958143949509,2.414937030756846,0.984,0.42422202229499817
250,54.762622064883445,-46.19583150744438,2.3287112454418093,0.994,0.5017778277397156
251,69.43155137146891,-47.269698813557625,2.351699255872518,0.994,0.46844425797462463
252,56.51720141602671,-48.38405994325876,2.321900226175785,0.996,0.46466702222824097
253,49.59312428523727,-49.44573491811752,2.322111369110644,1.0,0.47422248125076294
254,65.7068627699778,-50.49122802168131,2.373557020444423,0.998,0.5139999985694885
255,53.234873955755155,-49.833386570215225,2.492937705712393,0.984,0.4246664047241211
256,45.35805873942145,-51.002524212002754,2.5140584327746183,0.99,0.5295549631118774
257,51.83922170741889,-50.314244240522385,2.5556352525018156,0.948,0.47600018978118896
258,36.82818140227221,-51.218686275184155,2.52444405737333,0.952,0.4633336067199707
259,33.160105574678425,-50.74412489682436,2.528569575631991,0.916,0.493333101272583
260,55.9325177751389,-50.11362363398075,2.5468313668388873,0.946,0.39755624532699585
261,70.04171161836332,-51.47360371798277,2.661005872534588,0.992,0.4055561125278473
262,68.9650068711892,-52.062824323773384,2.6217593715991825,0.992,0.33399999141693115
263,57.92494885465757,-51.96589322388172,2.6333888184744865,0.986,0.3517778217792511
264,57.03671482704767,-52.86906422674656,2.6347675607539713,0.99,0.36955589056015015
265,50.782927296459405,-53.23719976097345,2.612688278546557,0.99,0.343778520822525
266,48.742849140005525,-53.28821571171284,2.6468854409176856,0.972,0.48244401812553406
267,34.34942529756186,-53.44979154318571,2.689385623903945,0.964,0.4444449841976166
268,65.82006339537556,-53.78996465355158,2.6840584378223866,0.968,0.5008889436721802
269,44.910563684892495,-53.76901334524155,2.757838703226298,0.966,0.48888882994651794
270,39.82116852654943,-53.21331384032965,2.78119970113039,0.936,0.4224450886249542
271,49.62336127147667,-52.459168776869774,2.738685298478231,0.948,0.4337778687477112
272,63.707922119816594,-52.19171842187643,2.7847104389220476,0.966,0.37488895654678345
273,23.65687951086518,-51.855785578489304,2.7959670203272253,0.956,0.4733331799507141
274,41.91161422386041,-50.32282518595457,2.810935650020838,0.96,0.34933313727378845
275,54.6541706940798,-50.07016187906265,2.7109277695417404,0.974,0.49800050258636475
276,18.968647775578415,-49.101888447999954,2.725532103795558,0.918,0.4857785105705261
277,48.085219702973475,-49.18030332773924,2.813374951481819,0.944,0.5482218265533447
278,30.53888167606474,-48.819649174809456,2.847496094647795,0.948,0.4284449517726898
279,55.12308254254355,-47.971780471503735,2.8275439811404794,0.966,0.3580009341239929
280,78.44367134729583,-49.51887660473585,2.9199090600013733,0.992,0.29288843274116516
281,65.36425262363291,-50.23289588838816,3.055992149049416,0.996,0.38311082124710083
282,36.28760379933606,-49.118028946220875,3.002665812615305,0.95,0.3442223370075226
283,33.74181291066747,-48.295090690255165,2.9850138942711055,0.93,0.3315558433532715
284,64.93528885871395,-47.31671617925167,3.040620433865115,0.922,0.42689064145088196
285,56.68365541123777,-47.61988769471645,2.932301762048155,0.954,0.46044471859931946
286,42.57845850495219,-47.97072848677635,3.0005828014109284,0.962,0.4997785687446594
287,29.921501424422168,-47.92609894275665,2.9981624176725745,0.896,0.4771115481853485
288,49.194731763423526,-47.565248511731625,2.9199794104788452,0.942,0.4288896918296814
289,53.125585329685585,-47.050025299191475,2.867065915139392,0.95,0.41489046812057495
290,59.17182493840127,-47.36080488562584,2.8827933587599546,0.956,0.4055570960044861
291,46.85785154775507,-48.34749463945627,2.862514810403809,0.95,0.5113341212272644
292,41.90775867435992,-47.69178618490696,2.8982111101504415,0.928,0.4360005259513855
293,48.2422680612191,-47.142943888902664,2.819396552396938,0.96,0.2588892877101898
294,96.64995089540189,-49.566249035298824,3.0241779810748994,0.972,0.4653329849243164
295,45.47898805099504,-50.6503816395998,3.0964846122078598,0.96,0.3708897531032562
296,59.01777851441002,-51.395257376134396,3.0688224686309695,0.948,0.3104454278945923
297,78.71826923480214,-53.88032614439726,3.1062718741595745,0.946,0.27511170506477356
298,16.831958265470874,-52.88052685558796,3.206156019354239,0.814,0.44688835740089417
299,14.885866925384496,-53.26020921766758,3.304126104572788,0.796,0.6126662492752075
300,43.422843799459365,-51.17739912867546,3.2972722235135734,0.98,0.6431096196174622
301,59.280628926791124,-49.72005145996809,3.204166042152792,0.984,0.3955564498901367
302,41.68502785516676,-49.85937134921551,3.222356652840972,0.982,0.4728891849517822
303,68.91707307153513,-50.57625000178814,3.2394215206149966,0.98,0.6539994478225708
304,52.88846434879302,-51.6828510761261,3.243826810736209,0.984,0.39933377504348755
305,55.19023903046621,-51.04678939282894,3.3252163333818316,0.976,0.5408889055252075
306,45.84432013609478,-51.19493895024061,3.322196594905108,0.964,0.5435548424720764
307,60.91078793561222,-52.48776161670685,3.3760491614229977,0.948,0.5275553464889526
308,54.08458308722435,-52.55190923810005,3.306888848077506,0.892,0.5035555362701416
309,7.397779627756508,-51.29770562052727,3.312700104434043,0.754,0.5791110396385193
310,39.37392231882098,-49.98606210201979,3.509158337023109,0.9,0.7068872451782227
311,8.248974954515944,-47.81341386586428,3.562484484165907,0.714,0.5746651887893677
312,57.25077547832717,-47.45023173838854,3.546936894301325,0.994,0.4611128568649292
313,27.88021072562079,-47.91201400756836,3.665233519859612,0.972,0.6182219386100769
314,38.93696086553096,-45.45931074023247,3.457160589285195,0.982,0.6811099052429199
315,53.27529133315317,-44.472739830613136,3.295196536462754,0.982,0.6926660537719727
316,62.72897090138679,-44.662481501698494,3.37344062095508,0.99,0.5028877258300781
317,46.685406119944,-43.59851025044918,3.2117607700638473,0.984,0.6224427819252014
318,44.26264118258655,-44.01126576215029,3.164847193751484,0.984,0.6395544409751892
319,27.594355839263596,-45.18921076506376,3.172879151068628,0.958,0.6346655488014221
320,30.615113728578404,-44.38109492510557,3.098224159795791,0.936,0.6206651926040649
321,56.700648713713086,-43.718202605843544,2.9472558456473053,0.97,0.7097751498222351
322,59.5879378354026,-45.08368370682001,2.971294103190303,0.98,0.6917749643325806
323,58.15863195660781,-45.62753775715828,2.946177084930241,0.97,0.6026665568351746
324,33.90216213534923,-43.66159675270319,2.902546160854399,0.94,0.6075547337532043
325,30.83024160111649,-43.23084168881178,2.856808601645753,0.898,0.6324433088302612
326,50.798124441277366,-42.3155487254262,2.751795200165361,0.91,0.6795533895492554
327,53.05728210143117,-42.55312126129866,2.648402670631185,0.97,0.6431103944778442
328,51.126794271389535,-41.8403370603919,2.655914683127776,0.968,0.6097766757011414
329,50.02475875582373,-42.90246398001909,2.659718402894214,0.974,0.5566669702529907
330,63.46138908647474,-44.75189329683781,2.7601414548698813,0.962,0.6991090178489685
331,48.28092456886479,-47.05627325922251,2.8096020554658026,0.886,0.6044434309005737
332,64.19744556843663,-47.817970491945744,2.7833311629947275,0.972,0.4748895466327667
333,14.696115589217456,-47.34772629290819,2.7291812680196017,0.804,0.5993331074714661
334,61.63583305289407,-48.06898885220289,2.8212314466945827,0.934,0.7133307456970215
335,55.95811538076929,-48.488928876817226,2.8755061011761427,0.988,0.6486652493476868
336,65.46426059868392,-48.778918862342834,3.0090886240359396,0.98,0.6911088228225708
337,66.43863823358485,-49.117088079452515,3.083139684284106,0.988,0.625331461429596
338,56.74796671712184,-50.10032866895199,3.0544393120799214,0.976,0.5957784652709961
339,23.952581483469956,-50.83641970157623,3.1782936402596533,0.944,0.57599937915802
340,37.02907284766148,-50.17401025444269,3.135185353225097,0.866,0.7019984126091003
341,76.60582889120876,-50.90914911031723,3.300508520565927,0.976,0.7266638278961182
342,53.47220701720511,-51.44803401827812,3.268528731307015,0.954,0.5804444551467896
343,30.782400176693617,-51.18421869724989,3.221778850303963,0.834,0.58622145652771
344,45.42476095655428,-50.99222933501005,3.192219748860225,0.926,0.7366636395454407
345,58.108093192791614,-50.51964398473501,3.2041880192700773,0.962,0.7804412245750427
346,24.582469763419635,-50.971443213522434,3.2659320870880038,0.91,0.7037753462791443
347,72.95288063954908,-51.134575963020325,3.354746046476066,0.948,0.6255555748939514
348,37.22741692887302,-51.110140919685364,3.4399248908739537,0.906,0.7255541086196899
349,34.92039666071258,-50.074000023305416,3.49216732615605,0.87,0.6917762160301208
350,44.08220014535353,-49.42302510142326,3.3468080991879106,0.954,0.7059980034828186
351,54.41171121963793,-49.837549798190594,3.3763403510674834,0.944,0.6497769355773926
352,31.695349816789125,-48.43945883959532,3.2945518710184842,0.94,0.6026652455329895
353,59.13445609654735,-48.21194585412741,3.3753190697170794,0.92,0.6917759776115417
354,57.102149504500375,-49.43907359987497,3.2854218136053532,0.948,0.5975559949874878
355,67.5309858151655,-49.637179620563984,3.193002986256033,0.962,0.5335557460784912
356,37.21259718493789,-49.6414612531662,3.016244790982455,0.93,0.6291102170944214
357,59.18484333959577,-49.15832207351923,2.9445154352579266,0.882,0.7422203421592712
358,46.41647115636892,-47.76971645653248,2.897763352608308,0.954,0.6622210144996643
359,61.413471167301104,-48.88098681718111,2.842992367455736,0.958,0.6588876843452454
360,51.62484827621936,-50.01907878369093,2.7541723917238414,0.926,0.635777473449707
361,62.228144877691385,-49.877339988946915,2.721602729288861,0.952,0.5868892669677734
362,48.425925155470786,-50.0117649435997,2.8689001984894276,0.932,0.5871111154556274
363,28.476269787481442,-49.4156933426857,2.8410819047130644,0.878,0.6153326630592346
364,62.20915734227081,-48.86963737010956,2.8351723635569215,0.91,0.8017752170562744
365,24.862844146007188,-50.61224587261677,2.878262319834903,0.652,0.7466652393341064
366,89.443112103587,-49.44907286763191,2.907377846771851,0.922,0.6817765831947327
367,48.64527698106424,-50.372879944741726,2.9553500916808844,0.988,0.6733315587043762
368,39.92067795567153,-50.976676017045975,2.815611913567409,0.968,0.6557762026786804
369,77.1370480400721,-51.96852484345436,2.950488755479455,0.994,0.5995559096336365
370,60.2087863146197,-53.13369347155094,2.9276374564506114,0.994,0.6646643877029419
371,46.90934668778072,-53.865531504154205,2.939876097254455,0.986,0.6206656098365784
372,57.816897250826244,-53.52952727675438,2.9043767456896603,0.978,0.5959981083869934
373,54.076633285640945,-55.20256557315588,2.9259404484182596,0.984,0.6179994940757751
374,73.37602540637923,-54.82505679875612,3.0134179326705635,0.988,0.7322208285331726
375,75.62313409663192,-56.09258729219437,3.0564409291837364,0.992,0.6059986352920532
376,48.6222042471687,-55.98197152465582,3.1524504963308573,0.978,0.6244446039199829
377,18.743304275948883,-55.98723512142897,3.1748513255733997,0.892,0.6088878512382507
378,61.327210716810114,-55.1536071524024,3.319192973896861,0.914,0.6604421734809875
379,65.9438500299012,-54.96621934324503,3.327618994284421,0.958,0.776441216468811
380,57.95467003278647,-55.09319071471691,3.362410832894966,0.974,0.7402175664901733
381,60.993300747637015,-56.033606231212616,3.3719872999936342,0.924,0.7497760653495789
382,52.25441962279297,-55.27366396039724,3.2993422413710505,0.89,0.6815543174743652
383,60.83705731704364,-55.82225439697504,3.300072725629434,0.892,0.6804438233375549
384,46.34695575611246,-56.75873292982578,3.3320968833286315,0.902,0.5248898863792419
385,18.954974667955668,-55.56818353384733,3.28605672204867,0.846,0.5577784180641174
386,60.3664382256198,-55.50071409344673,3.2183569953776896,0.934,0.5371118783950806
387,32.30713629897104,-54.900632202625275,3.219874046742916,0.932,0.5262224674224854
388,36.69943160742707,-54.09169938415289,3.2410192431416363,0.886,0.5575555562973022
389,39.915840277548156,-52.893804647028446,3.127747816964984,0.928,0.39755669236183167
390,47.91217751900956,-51.789531253278255,3.0949673582799733,0.966,0.44111165404319763
391,25.43462465814819,-50.57483871281147,3.104678815230727,0.9,0.5193343758583069
392,46.19711365309488,-49.520408153533936,3.189678301801905,0.932,0.5320008397102356
393,64.30445009440211,-50.27794570475817,3.2650156158488244,0.982,0.33911219239234924
394,43.20186416439385,-50.08650132268667,3.244620960438624,0.934,0.5431115627288818
395,28.759053087319156,-47.50290336459875,3.1823126047383994,0.964,0.42089033126831055
396,55.1220977815869,-46.55436708778143,3.2349413002375513,0.924,0.43955644965171814
397,74.60641160682884,-47.2971012070775,3.3215447410475463,0.946,0.45377880334854126
398,33.0671498779369,-48.44645633548498,3.3530830331146717,0.93,0.48311224579811096
399,25.046157828702018,-46.9077083170414,3.2905743764713407,0.894,0.3495558500289917
400,40.089055747681606,-45.211399376392365,3.3593656844459474,0.938,0.7117751240730286
401,44.83626621804506,-45.12534297257662,3.3367503760382533,0.972,0.5773316025733948
402,34.80584477728,-43.33600279688835,3.1994283224921674,0.932,0.5895548462867737
403,46.26652391864724,-42.13897230476141,3.157189742429182,0.938,0.5782210826873779
404,39.1855067563138,-42.42047215998173,3.160538649186492,0.956,0.6568872928619385
405,28.321107744785824,-42.499045208096504,3.1323449618648738,0.882,0.654887318611145
406,70.55942336356213,-43.20356176793575,3.1146370770875365,0.954,0.6524423360824585
407,53.923531973343415,-43.35391352325678,3.150468966457993,0.966,0.6422210931777954
408,83.96343564820968,-45.500316217541695,3.262862142175436,0.97,0.6073313355445862
409,33.40512342781265,-46.85138317197561,3.3360275267623365,0.964,0.6326648592948914
410,46.76660926649036,-46.02594217658043,3.3514097973238677,0.858,0.8033304214477539
411,45.228988520324066,-47.10256914049387,3.3108019242063165,0.928,0.7517752647399902
412,53.10488910368027,-47.15643738210201,3.3011616114526987,0.978,0.6064433455467224
413,76.3015299017734,-47.34252683073282,3.1707469501998276,0.97,0.787107527256012
414,29.500591815674333,-47.31527239829302,3.099295656196773,0.934,0.7044417858123779
415,80.40804644269338,-48.399226024746895,3.2338975872844458,0.958,0.7615522146224976
416,32.32095457464645,-49.910334549844265,3.2473154806066304,0.904,0.7195539474487305
417,61.46585695013178,-48.14368290454149,3.186970052542165,0.884,0.6379983425140381
418,29.97929925978875,-48.49031184613705,3.096395897679031,0.892,0.6375548839569092
419,69.05829068432053,-49.33678067475557,3.1239777465816587,0.95,0.5011093020439148
420,56.97499150973269,-50.37438331544399,2.9993046415038407,0.95,0.7119981050491333
421,70.65282586569728,-51.90309854596853,3.0334749079775065,0.972,0.7595534920692444
422,47.89932673467333,-52.432564966380596,3.123343634419143,0.96,0.6337762475013733
423,30.781546396408558,-52.64526141434908,3.0909404524136335,0.874,0.6991094946861267
424,54.93633971977185,-52.86673914641142,3.166360206436366,0.94,0.6422203183174133
425,63.52393697440308,-54.10239740461111,3.1130647065583616,0.94,0.6799991726875305
426,60.875855488286014,-55.10263318568468,3.1854888156522065,0.896,0.6126658320426941
427,67.98349241462495,-54.69243377447128,3.104475361062214,0.922,0.6235540509223938
428,54.04347533024044,-54.36756782233715,3.1005209321156144,0.964,0.5735541582107544
429,51.05520575700362,-53.600474804639816,3.066487284610048,0.924,0.5679993033409119
430,50.56977405104307,-53.76864850521088,3.0190855839755386,0.92,0.6075547933578491
431,48.98558241588201,-54.64087276905775,3.0237462813965976,0.944,0.5333325266838074
432,49.254795791151764,-54.22185132652521,2.9782626582309604,0.948,0.569332480430603
433,35.5998036007228,-54.176801308989525,3.0114613112527877,0.954,0.5244437456130981
434,75.79277816605526,-53.87637389451265,3.0007560637313873,0.958,0.5644435286521912
435,24.7126955232719,-53.824445843696594,2.962324787862599,0.91,0.5944433808326721
436,50.30424575510799,-52.86392021179199,2.846434260951355,0.882,0.6462210416793823
437,23.621681554326848,-52.4249629303813,2.8212253970559686,0.834,0.5646660327911377
438,39.474445221756376,-51.49989605695009,2.897282694000751,0.806,0.7962195873260498
439,58.34082200742352,-51.78658375144005,3.0094085063319653,0.984,0.699997067451477
440,66.85484767791493,-51.19175487756729,3.0053973507601768,0.994,0.550222635269165
441,47.81113370754188,-51.46221709996462,3.0382663337513804,0.998,0.609553873538971
442,44.79882138666135,-50.664453469216824,2.9736773404292762,1.0,0.5484441518783569
443,62.32832630607057,-50.846540071070194,2.987402946688235,0.998,0.5324439406394958
444,54.79179244192554,-52.21852605044842,3.0289255185052752,0.992,0.6106658577919006
445,49.297160810156406,-51.61629641801119,3.0141422811429948,0.996,0.6642204523086548
446,27.321296242758752,-50.4118397384882,2.9555775390472263,0.958,0.5635548233985901
447,49.96418624527008,-48.586280189454556,2.9134357571601868,0.944,0.5888873338699341
448,37.26001065248102,-48.20452235639095,2.919437100412324,0.974,0.585776150226593
449,53.9239832377786,-47.94562513381243,2.9696262639481574,0.98,0.6168870329856873
450,54.30601968468737,-48.620883382856846,2.9733817398082465,0.978,0.5886660218238831
451,70.37687762670232,-48.81849876046181,2.9903634428046644,0.982,0.6095536947250366
452,36.79309403368402,-48.828876212239265,3.044550410239026,0.966,0.5851104259490967
453,39.81170588354465,-48.70713919401169,3.070563276531175,0.95,0.5982217192649841
454,46.8041389751789,-48.43032559752464,2.99154212907888,0.936,0.6679984927177429
455,62.33915007790355,-47.71786525845528,2.879624333465472,0.928,0.6922190189361572
456,45.83810622206875,-49.11344652622938,2.9119630369823426,0.91,0.6828872561454773
457,23.195894385005133,-47.89563126116991,2.866318000946194,0.854,0.5966660380363464
458,47.813226449567956,-49.7768823876977,2.8276128012221307,0.904,0.6095538139343262
459,16.674129543747174,-47.787806540727615,2.716067625209689,0.878,0.5817774534225464
460,61.18138446067385,-47.22079561650753,2.70334613439627,0.942,0.5248898863792419
461,31.816984182402926,-46.94293140619993,2.6787237557582557,0.938,0.502221941947937
462,38.993171247462556,-46.151312507689,2.7352761400397867,0.946,0.6424435377120972
463,54.44966281285832,-46.31298670172691,2.733718328876421,0.958,0.5004447102546692
464,40.49308752507804,-45.373790472745895,2.6805790937505662,0.958,0.6526656150817871
465,54.34738699097627,-45.14030725508928,2.6806549415923655,0.95,0.7175529599189758
466,71.38813748894115,-46.36811973899603,2.748254294041544,0.964,0.7597746253013611
467,37.97346025726541,-47.51087310910225,2.7817012721206993,0.94,0.5915542840957642
468,49.804032740316615,-47.320861242711544,2.66133655118756,0.95,0.5433330535888672
469,45.593890453496066,-47.41078093647957,2.7464642240665853,0.964,0.5791094899177551
470,30.710767638372687,-46.869538225233555,2.7811751272529364,0.964,0.6117761135101318
471,51.851936127020174,-45.62262162566185,2.7648674519732594,0.916,0.5373332500457764
472,41.8988656628514,-45.430966801941395,2.7075114133767784,0.946,0.6348878145217896
473,47.58708855271072,-45.11977794766426,2.715184948174283,0.904,0.6068874001502991
474,83.7639676179515,-46.14848896116018,2.789600207004696,0.95,0.5831104516983032
475,78.54471693080639,-47.907034158706665,2.9998809248209,0.994,0.5073330402374268
476,36.22165063736926,-48.0294508561492,2.9477191013284028,0.968,0.5133326053619385
477,16.69766904663941,-47.63975914567709,2.9771848164964467,0.878,0.5664445161819458
478,56.95332138522439,-47.168186254799366,3.042230234714225,0.952,0.48355531692504883
479,8.135151790619302,-47.23920330405235,3.06021613557823,0.866,0.5057783722877502
480,94.3686614195925,-47.79942552745342,3.1497703078202903,0.976,0.4624461233615875
481,50.80931618944124,-48.832366682589054,3.301953309448436,0.966,0.640444278717041
482,36.018705630579404,-49.3533104211092,3.2421420731116086,0.93,0.6277779340744019
483,59.731164906588326,-49.78187487274408,3.1888561176601797,0.928,0.532889187335968
484,48.555270770730196,-50.075649462640285,3.277151129208505,0.95,0.6055558323860168
485,55.976968553199946,-50.59767423570156,3.263750210404396,0.962,0.5519990921020508
486,38.95861191953348,-48.99340817332268,3.242752217920497,0.896,0.5599992275238037
487,53.38848835980437,-49.228950925171375,3.248047221917659,0.956,0.5853333473205566
488,63.25477845719114,-50.66186738014221,3.2841029393021017,0.97,0.5302224159240723
489,37.31071720872766,-50.30166259407997,3.235403365455568,0.918,0.5215564370155334
490,32.64337862047096,-49.59596963971853,3.0984947241377085,0.904,0.5391109585762024
491,58.2415989056462,-49.53889315575361,3.061587127391249,0.968,0.6839988231658936
492,39.28062590387709,-49.656962528824806,3.0417980030179024,0.982,0.5537775754928589
493,29.00097646335798,-49.39856763929129,3.0425198725424707,0.936,0.5495563745498657
494,70.26264235049825,-48.652785032987595,3.050937443971634,0.962,0.5126655697822571
495,46.8652962441794,-48.04047377407551,2.996457824250683,0.978,0.5346671938896179
496,57.324913634932166,-47.07192138582468,2.9603114479687065,0.952,0.43977832794189453
497,19.286190569754506,-48.83136551827192,3.0389300242532045,0.892,0.5059993863105774
498,31.58873417196162,-47.94887625426054,3.0222807181999087,0.884,0.5391126275062561
499,13.262001760157288,-47.02398659288883,3.0354276578873396,0.886,0.48955613374710083
500,53.52980018852786,-47.12607005238533,3.0414773817174137,0.968,0.4722219705581665
501,45.101368567227844,-45.640132799744606,2.909025134751573,0.95,0.45777735114097595
502,49.72750179963086,-44.835534282028675,2.9049233139958233,0.962,0.5557765364646912
503,57.498977677075914,-45.49856738746166,2.9291840626392514,0.972,0.43999871611595154
504,33.254790878099264,-44.77867544442415,2.8952016453258693,0.934,0.4475546181201935
505,46.87357377697268,-44.23664331436157,2.91220119362697,0.904,0.5804433226585388
506,55.41089678038398,-44.73600158840418,2.95061656832695,0.96,0.4153326153755188
507,46.0032633295641,-45.44480108469725,2.9508769754320383,0.944,0.4493331015110016
508,39.31944122332074,-44.54051027446985,2.8934348789043725,0.902,0.5462216138839722
509,48.07444168838967,-43.74297349900007,2.844439936801791,0.934,0.5482204556465149
510,101.37051203608938,-45.89400067180395,3.087762851268053,0.976,0.5817763805389404
511,38.8048648121106,-47.55194552242756,3.252772797131911,0.944,0.5739986896514893
512,60.17955848778197,-46.51562188565731,3.2675945414230227,0.928,0.5246654748916626
513,58.69353729684262,-48.594505198299885,3.3789461872074753,0.964,0.4126664102077484
514,47.16559676899386,-47.95794566720724,3.3424878558143973,0.93,0.41355574131011963
515,44.682331789351174,-48.20089805871248,3.3752054977230728,0.96,0.3277778923511505
516,67.65434668323083,-48.30356415361166,3.313450534828007,0.946,0.50133216381073
517,30.446816161912484,-48.82707095891237,3.328656082507223,0.956,0.47177714109420776
518,67.44450387494149,-49.88498214632273,3.3814188921824098,0.914,0.679776132106781
519,56.50427158319784,-51.034027732908726,3.389769872650504,0.858,0.785996675491333
520,45.320095074331505,-52.034660533070564,3.3093260331079364,0.886,0.6519982218742371
521,41.43537634436236,-52.331341192126274,3.330053308047354,0.922,0.6346645951271057
522,40.951368967101764,-52.43070315569639,3.304232305381447,0.944,0.613554060459137
523,58.06893023357904,-51.830528654158115,3.322300211759284,0.93,0.6739981770515442
524,54.04795451065666,-52.456867679953575,3.3352395647671074,0.962,0.4935537576675415
525,42.05438652634879,-52.25782250612974,3.297674583271146,0.954,0.47488725185394287
526,61.36554120585608,-52.76980496197939,3.297049640212208,0.954,0.47955387830734253
527,57.575022405989586,-52.42354437708855,3.319249864667654,0.936,0.3977765440940857
528,60.791734278754696,-54.16013488173485,3.447652693837881,0.932,0.6244425177574158
529,60.81140858949726,-54.460809610784054,3.314680782612413,0.96,0.6866647005081177
530,56.23766632089608,-53.67436200380325,3.3452082436997443,0.93,0.6699988842010498
531,33.10828747623757,-52.52225609123707,3.1813402408733964,0.896,0.5548869371414185
532,44.76703969603389,-52.651088282465935,3.263353099115193,0.934,0.4182218015193939
533,56.97981417079518,-51.11734443157911,3.078062264015898,0.934,0.6868863105773926
534,37.79094023967436,-52.182885996997356,3.0309365533757955,0.952,0.5913324952125549
535,49.596419291661505,-51.13485033810139,2.9973946686368436,0.93,0.6142205595970154
536,65.38406266944496,-51.529708698391914,3.0164268070366234,0.954,0.6284433007240295
537,54.026519834786406,-51.43026565760374,3.0672838187310845,0.954,0.6768867373466492
538,24.66056251320929,-51.611488446593285,2.951248994562775,0.906,0.5344435572624207
539,44.85546654930043,-51.046233125030994,2.9514354853890836,0.928,0.5419988632202148
540,34.72428939065022,-50.151240676641464,2.9116233971435577,0.936,0.4662218987941742
541,69.47115191277969,-49.71173842251301,2.804131042677909,0.976,0.4628883898258209
542,75.03017432329217,-51.3840696066618,2.9100406125653535,0.99,0.4377771019935608
543,40.591456855787605,-52.617971643805504,2.9691464833449572,0.994,0.5306646823883057
544,59.30213658819927,-51.66267467290163,2.897700422909111,0.95,0.4219989478588104
545,60.53762063018754,-52.031948298215866,3.024100092239678,0.972,0.46466463804244995
546,47.55817648884875,-52.146410174667835,3.100255643716082,0.984,0.544887900352478
547,54.90123654224233,-52.47531472891569,3.0803099144250154,0.944,0.6057761907577515
548,70.74208097910108,-52.443912491202354,3.0190696767531335,0.944,0.42444324493408203
549,41.51490913682553,-52.433079198002815,3.050360680092126,0.954,0.46999940276145935
550,64.58898472450022,-51.69245769828558,3.0297939733136445,0.944,0.6991084814071655
551,57.29719981556809,-52.21718826144934,3.0501429396681488,0.958,0.5031105279922485
552,62.26879272961823,-54.09591589868069,3.174270357005298,0.944,0.4839993417263031
553,77.40078492230003,-54.59931582212448,3.189948763232678,0.938,0.6715536117553711
554,61.6586652341743,-55.46593900769949,3.2866160878911614,0.974,0.6015538573265076
555,64.9204228140021,-57.56957618892193,3.492110271938145,0.956,0.45488840341567993
556,27.886703940029047,-56.5261337980628,3.5002358430065215,0.934,0.6357760429382324
557,52.19234542826796,-55.55863169580698,3.486137365689501,0.91,0.5151095986366272
558,26.36583997011733,-55.32962457835674,3.4256268984172493,0.932,0.5337759852409363
559,51.63422317797067,-54.84144739061594,3.35766723472625,0.932,0.4337763786315918
560,60.55350835200801,-56.116010054945946,3.447039051912725,0.984,0.5502201914787292
561,54.08491751202062,-57.00419729948044,3.473011340247467,0.972,0.5179978609085083
562,50.11480750215833,-54.60351996123791,3.42255369015038,0.96,0.5166649222373962
563,49.22920338684247,-55.289230808615685,3.3124946267344058,0.974,0.5348872542381287
564,37.92890986209716,-54.95135010778904,3.2845049765892327,0.948,0.48599889874458313
565,44.79332987353664,-54.4744868427515,3.2497777403332293,0.93,0.5964429974555969
566,58.41659002077361,-53.89411722868681,3.1062093740329146,0.962,0.5419985055923462
567,40.81573238200301,-53.681161016225815,3.109184831380844,0.94,0.5731093287467957
568,32.557830595704296,-52.80399976670742,3.150599936256185,0.956,0.543998658657074
569,54.923908966012426,-51.81071065366268,3.067216564202681,0.908,0.5024431943893433
570,56.83488489306098,-51.578000128269196,3.0228501863311976,0.964,0.5659980177879333
571,52.131916780229545,-51.743559807538986,3.052792452275753,0.982,0.6886640787124634
572,69.65636604614978,-51.045736998319626,2.938015552936122,0.972,0.38666585087776184
573,16.36589987686064,-50.53399773687124,2.891481706406921,0.914,0.5639987587928772
574,58.251257403063214,-48.44197630882263,2.8045112264808267,0.938,0.40688788890838623
575,64.9549672013499,-48.01818332076073,2.743638295214623,0.968,0.4291098117828369
576,45.223907324407506,-48.46742904931307,2.834065673407167,0.948,0.49999910593032837
577,34.09518921405626,-49.03112733364105,2.7945259923581034,0.918,0.5284437537193298
578,40.23436144850213,-48.62918919324875,2.8404014639090747,0.952,0.5148876905441284
579,46.36039859727499,-48.570426031947136,2.7913423895370215,0.962,0.5219994783401489
580,79.80143509878754,-49.06244645267725,2.7856428876984864,0.974,0.4673318862915039
581,49.624395597504375,-49.422872208058834,2.768489827401936,0.978,0.534665048122406
582,57.84085622407171,-49.60968728363514,2.8477100268937647,0.982,0.5586654543876648
583,46.823235684175984,-49.78183453530073,2.8114298589061946,0.976,0.5373319983482361
584,36.603063192153996,-49.36886589229107,2.8055713705252856,0.92,0.592220664024353
585,55.155945149738784,-49.79729646444321,2.8716778841335326,0.93,0.5157774686813354
586,47.234508672898905,-49.70406651496887,2.8331993711180985,0.952,0.5237773656845093
587,45.49666337526493,-50.121899142861366,2.860486294142902,0.956,0.5373327136039734
588,53.76587161126615,-49.79240609705448,2.862126419553533,0.944,0.4726662039756775
589,56.06548614942451,-50.89317828416824,2.893998440122232,0.96,0.45222166180610657
590,48.96601497925211,-51.417392551898956,2.8788334529381245,0.954,0.42155489325523376
591,45.90204431740624,-50.33405617624521,2.895940224872902,0.956,0.4913314878940582
592,52.552709198134565,-50.10218348354101,2.8668625054415315,0.95,0.5404425263404846
593,57.659532145159126,-50.77933917194605,2.7936750794760883,0.97,0.49999934434890747
594,39.32187402714878,-51.11167575418949,2.719908108236268,0.96,0.639775812625885
595,80.69032286773312,-50.84847931563854,2.6818316294811666,0.954,0.527108907699585
596,30.337914698019375,-51.44832822680473,2.774143861141056,0.922,0.5984435081481934
597,63.76306803256369,-51.48107627034187,2.7616984241176397,0.88,0.5702216625213623
598,50.333357718513355,-52.24406639486551,2.7724697885569185,0.924,0.4959995150566101
599,39.75223496633838,-52.35069102793932,2.8087949557229877,0.902,0.541999340057373
600,53.76509428083662,-51.85893911123276,2.810226266272366,0.938,0.7248857617378235
601,65.2363356319056,-51.132934525609016,2.7636904392857105,0.966,0.7433302998542786
602,76.55706408259131,-51.84268964827061,2.854259477229789,0.986,0.5884431600570679
603,62.890745375437284,-53.17911244928837,2.8902410224545747,0.99,0.45888832211494446
604,42.64003791117289,-53.41897356510162,2.873156495857984,0.974,0.6159976720809937
605,44.111270880329585,-53.5233793258667,2.804309900617227,0.942,0.6582196950912476
606,19.88042694816947,-53.020556412637234,2.8424972959328443,0.876,0.5366662740707397
607,75.95668193196988,-52.4149656817317,2.9267250546254218,0.964,0.30733296275138855
608,45.970450660731046,-53.16499421745539,2.9376974278129637,0.97,0.5582207441329956
609,19.14725679946645,-52.17702516913414,3.056935369502753,0.858,0.6228874921798706
610,56.23253442168373,-51.84734270721674,3.0219857359770685,0.946,0.8371078968048096
611,49.48450003346915,-52.01955998688936,3.0354037061333656,0.954,0.8346630930900574
612,50.52406039868708,-51.28636888414621,2.986475663492456,0.876,0.839552640914917
613,55.71576138270207,-51.046483375132084,2.998561844462529,0.944,0.8462190628051758
614,32.0443969616218,-51.416575379669666,2.9737986887339503,0.816,0.8171089887619019
615,75.9968631108543,-51.251584224402905,2.9401378429029137,0.986,0.6253311634063721
616,44.81335958764232,-51.1584660038352,2.9288914573844522,0.98,0.7142201662063599
617,56.38081875309144,-51.42826108634472,2.8900189551059157,0.94,0.7264431715011597
618,11.320011724311268,-50.689385280013084,3.001720715081319,0.844,0.6099987030029297
619,64.72308094540023,-50.36158172041178,2.952733450336382,0.912,0.5537763833999634
620,37.45767832663189,-50.58975624293089,3.014488876098767,0.924,0.292000412940979
621,47.744905299320514,-48.93531088531017,2.9523656556848437,0.882,0.47488805651664734
622,51.175221862740884,-47.947099193930626,2.8738411946687847,0.948,0.35355648398399353
623,35.67267571858071,-46.798223823308945,2.8104100241325796,0.912,0.4564446806907654
624,23.157980833992966,-46.14218097925186,2.8779235426336527,0.9,0.4502224922180176
625,32.2423153372084,-45.37186823040247,2.9220980778336525,0.942,0.468443900346756
626,53.968622657282964,-45.36511364579201,2.957830771803856,0.928,0.18955636024475098
627,50.31559823696481,-46.005140490829945,2.944560971111059,0.972,0.17711132764816284
628,51.53153585436924,-45.84305313229561,2.8542832732200623,0.938,0.29288938641548157
629,64.89745294002158,-45.6707933396101,2.9193159979768097,0.974,0.3713334798812866
630,63.223588482314995,-47.8884968906641,2.938624549191445,0.972,0.36844366788864136
631,50.355436016459564,-47.6806922852993,2.9178113888483495,0.954,0.3644447326660156
632,43.41267244952315,-48.52192932367325,3.033724190434441,0.976,0.3031117618083954
633,61.14991890650065,-48.51846921443939,3.051791636971757,0.948,0.3282218277454376
634,52.6628285468698,-47.876320257782936,3.0573124228976667,0.948,0.33711087703704834
635,31.759432843567595,-48.423612497746944,3.0520456577651203,0.946,0.3197779357433319
636,55.58133159360366,-46.92655672132969,2.881365296896547,0.924,0.6068872809410095
637,42.67060643649044,-47.57157353311777,2.9318289291113615,0.932,0.3893335461616516
638,45.1015665963111,-47.41963091492653,2.8081823168322444,0.952,0.268889844417572
639,51.07101720959843,-47.79884783178568,2.82799058733508,0.938,0.40199968218803406
640,49.06644068022683,-47.985057964921,2.867642825236544,0.942,0.5433328151702881
641,61.73605011109993,-48.47588449716568,2.9063791546504945,0.938,0.3944448232650757
642,36.299474515894794,-48.60254044085741,3.008398301899433,0.926,0.3740004301071167
643,66.77790455632581,-48.768070474267006,2.9941149605438113,0.918,0.3595554828643799
644,29.761283868145668,-49.83356428146362,3.032093566842377,0.942,0.3222227394580841
645,58.712594289218266,-50.664020866155624,3.0368478938471526,0.934,0.4564456045627594
646,61.266469794480315,-52.59038723260164,3.1147861692588776,0.954,0.3026677668094635
647,63.03463613220623,-51.86994291096926,3.058078866219148,0.944,0.31933438777923584
648,49.23216968762145,-52.71019606292248,3.1006621953565627,0.938,0.37466713786125183
649,52.65085345970577,-51.34008391201496,2.9430078049190342,0.932,0.4819994270801544
650,55.07789709454512,-51.48553396016359,2.939569601556286,0.944,0.4120001196861267
651,22.650933136453794,-51.44321525096893,3.03012264566496,0.958,0.35266709327697754
652,53.593704731639036,-49.68708284944296,2.9859603208024055,0.9,0.44466543197631836
653,57.42828953412409,-50.30590311437845,2.956873908871785,0.922,0.41888800263404846
654,62.9197131550239,-50.69714681059122,2.9852223058696836,0.934,0.3917767107486725
655,59.050737232027075,-50.828745149075985,3.026707783807069,0.948,0.42177677154541016
656,23.621258472348796,-51.484635926783085,3.146867683157325,0.934,0.3402225971221924
657,45.57530945619795,-51.13085348159075,3.2128317672759295,0.928,0.4497775435447693
658,19.251117808601247,-50.36353128403425,3.1346908430568874,0.934,0.3622218668460846
659,49.37765039033838,-49.85596890747547,3.153299847152084,0.938,0.5297774076461792
660,43.008433213546525,-48.96182644367218,3.1374313570559025,0.968,0.4731115996837616
661,59.06244968508941,-49.264386996626854,3.162050729850307,0.974,0.4406663775444031
662,42.914523044215095,-49.07825584709644,3.1224674442783,0.988,0.4162219762802124
663,43.26422754139562,-48.71217181533575,3.0731973415240645,0.982,0.31688907742500305
664,37.55277275903559,-47.66858506947756,2.9907456955406815,0.934,0.3200002908706665
665,8.330674408439059,-47.51584551483393,2.921072007389739,0.918,0.38800039887428284
666,47.403567907446664,-45.83895540982485,2.8736009078565985,0.954,0.484664648771286
667,49.45693384413119,-44.91702079027891,2.9207267782185227,0.948,0.3719994127750397
668,70.56966584571707,-45.48691841214895,2.9304317177738994,0.968,0.2828889489173889
669,12.833750242298704,-44.60704677551985,3.0427261430304497,0.872,0.47955521941185
670,49.438349590286,-43.975008092820644,3.0744149575475603,0.936,0.3884451389312744
671,13.976486840845645,-42.26809227466583,3.0073022714350373,0.94,0.4011107087135315
672,61.59660535104889,-42.967563576996326,3.0590566182509065,0.988,0.44199928641319275
673,31.93652994534214,-43.01848640292883,3.067770044086501,0.972,0.4691104590892792
674,26.78523927279004,-41.22339556366205,2.979201163863763,0.94,0.4026659429073334
675,47.45755307155849,-39.14369256794453,2.7856233220081776,0.924,0.5824428200721741
676,48.33591332648456,-40.05076138675213,2.8042810116894543,0.96,0.4784427285194397
677,54.366316984824735,-40.31149360537529,2.776819054270163,0.946,0.3582214415073395
678,72.04052068342713,-41.989963226020336,2.950609501451254,0.966,0.39044344425201416
679,62.98219409639452,-43.983335085213184,2.9739099929574877,0.964,0.4984435737133026
680,64.04980978305419,-44.717940747737885,2.988537506898865,0.954,0.5075539946556091
681,54.89750424917509,-45.59229626506567,3.097840331029147,0.954,0.451554536819458
682,43.20280385764528,-45.61094155907631,3.07198949996382,0.898,0.5035543441772461
683,37.11018532217401,-44.52066373080015,3.0026331273838878,0.924,0.5506651401519775
684,70.45506892488854,-46.65133909136057,3.0648134080693126,0.976,0.4582214653491974
685,44.999027005779745,-48.322050504386425,3.1425063987262547,0.968,0.5664430856704712
686,35.41848869866285,-48.22113786637783,3.067310995189473,0.904,0.36288878321647644
687,31.333119275144178,-48.21353603899479,3.1021365458145738,0.892,0.43799978494644165
688,68.44688202750869,-47.27397195994854,2.993553073145449,0.98,0.3733327388763428
689,34.42353385745374,-47.40886849164963,2.9061420587822795,0.968,0.4419996440410614
690,55.95145410967397,-47.971432864665985,2.9804030312225223,0.976,0.35955578088760376
691,52.47916771490568,-49.671638771891594,2.949263234389946,0.976,0.352444589138031
692,34.97981979128392,-49.86196903139353,2.9658733694814146,0.952,0.3684442639350891
693,15.143465327175177,-49.143926844000816,2.9963490422815084,0.914,0.4659993648529053
694,36.08855898118066,-48.75980571657419,2.9720986837055534,0.926,0.4593329131603241
695,64.40705981323345,-49.07608113437891,3.0320412509609014,0.952,0.22777770459651947
696,63.859659352589524,-49.373489394783974,2.965911169303581,0.972,0.3615551292896271
697,43.40310680285754,-50.73666472733021,3.020079368026927,0.964,0.41333216428756714
698,44.58745759731014,-49.04653853178024,2.9074537116102874,0.906,0.4755542278289795
699,41.17766284148229,-47.381509855389595,2.904050813987851,0.928,0.44844332337379456
700,55.569338371707985,-47.346848249435425,2.8741264247801155,0.924,0.5484433174133301
701,53.25179252021268,-46.68488980829716,2.7936879077460617,0.92,0.4344431757926941
702,49.58560635544721,-46.911247581243515,2.7970204420853406,0.95,0.3999987840652466
703,63.40370949353456,-47.565695852041245,2.8842905794736,0.954,0.48622071743011475
704,47.83967935305421,-47.48236208409071,2.9210071137640625,0.942,0.5099982619285583
705,60.436084946354605,-47.33124862611294,2.8047187246847898,0.928,0.5197763442993164
706,46.06818294858633,-48.641568183898926,2.9110376148018986,0.952,0.41666558384895325
707,40.16552227330361,-48.75471806526184,2.901900745462626,0.926,0.5626641511917114
708,37.8095785550671,-47.96258397400379,2.8859462086111307,0.918,0.4679994285106659
709,71.84273929086979,-48.50833214074373,2.916709127370268,0.968,0.5793312191963196
710,78.93774428432053,-49.57747694849968,2.9852285645902157,0.99,0.5093322396278381
711,49.66744649854636,-50.63037025928497,2.949485740158707,0.97,0.5739985108375549
712,61.35143065626324,-50.92989684641361,2.8814936366397887,0.946,0.6199979186058044
713,39.07268012577288,-52.43524283915758,2.893807923188433,0.96,0.49444344639778137
714,73.71344453803479,-53.68341251462698,2.900071887532249,0.948,0.6853297352790833
715,43.60211333089561,-54.2668671682477,2.895400017965585,0.942,0.6466639637947083
716,56.04904252945917,-53.70716222375631,2.9083059176336974,0.938,0.6177757978439331
717,61.380942278974196,-53.95440751314163,2.88317305711098,0.948,0.5019997358322144
718,62.352087607803924,-54.60700669884682,2.97386016510427,0.972,0.5368884801864624
719,54.01424095693986,-55.81287356466055,3.089246955467388,0.952,0.5482203960418701
720,51.94124045713812,-55.883628875017166,3.0505368176382035,0.938,0.5679986476898193
721,40.37640168612923,-56.1167376935482,3.031254159519449,0.948,0.5513324737548828
722,79.08220776246742,-55.75270142406225,3.012687831185758,0.96,0.5566653609275818
723,35.81105061445854,-56.42035795003176,3.067919125314802,0.98,0.5062210559844971
724,58.22054244975885,-54.76790342479944,2.9821267602965236,0.948,0.4824434816837311
725,70.53227623607731,-56.86200313270092,3.0426289334427565,0.97,0.49066638946533203
726,40.76228440985826,-55.70313438028097,3.05107116792351,0.958,0.5251101851463318
727,71.77380988348135,-56.3023639395833,3.0245966175571084,0.948,0.47355395555496216
728,34.8340804403189,-57.23341941088438,3.0022169819567353,0.932,0.5286653637886047
729,55.4061821667657,-56.998306691646576,2.950652814935893,0.95,0.5222213268280029
730,32.17042996875884,-55.74350284785032,2.9228872859384865,0.906,0.6448864936828613
731,57.04787195421493,-54.48604588210583,2.9915364931803197,0.918,0.6797761917114258
732,26.65953342025692,-54.18911733478308,2.969649293925613,0.916,0.5884439945220947
733,68.09576148193207,-52.65899933874607,3.04959701676853,0.958,0.4564442038536072
734,54.903546665551616,-53.674726605415344,3.01513315923512,0.988,0.5204428434371948
735,52.512665656579024,-53.425778426229954,3.0288322176784277,0.972,0.5206654071807861
736,35.03065962302578,-53.44777239114046,2.973644640063867,0.93,0.590886652469635
737,43.838339506396686,-51.87386682629585,3.0245720366947353,0.956,0.5775548219680786
738,23.897563475866328,-50.391585789620876,2.8939955916721374,0.95,0.49377691745758057
739,48.79975173638228,-49.526592664420605,2.770350883016363,0.908,0.5293315052986145
740,65.26685197483087,-49.52212965488434,2.810217567021027,0.97,0.5726655721664429
741,33.26595758897515,-49.56004245579243,2.892930371221155,0.966,0.4451107084751129
742,43.8124115081934,-49.42034298181534,2.8472157001961023,0.91,0.5655542612075806
743,43.71320419703541,-47.54651214182377,2.785898851463571,0.96,0.559776782989502
744,52.542511321167396,-49.37688113749027,2.7779642601963133,0.986,0.5139987468719482
745,39.15324565444018,-46.82832194119692,2.732535223243758,0.956,0.6393325328826904
746,49.00762152859575,-46.90477754920721,2.7234095365274698,0.964,0.5217767357826233
747,58.62762571353787,-47.133899211883545,2.688844401622191,0.942,0.47911080718040466
748,48.07983376223363,-46.45466397702694,2.6196158956736326,0.89,0.504887580871582
749,55.71505523162614,-46.17405917495489,2.707304901210591,0.93,0.5091092586517334
750,43.11096473342859,-46.35418228060007,2.6848640183452517,0.906,0.47666579484939575
751,62.47105439371047,-47.48748095333576,2.6067540113581344,0.956,0.4759981334209442
752,37.392097575228576,-47.84583408385515,2.6450353565160185,0.952,0.509331464767456
753,25.217609164852796,-48.08445846289396,2.6276221571024507,0.928,0.48599866032600403
754,29.429507421932122,-45.559579104185104,2.5664395480416715,0.9,0.5797768831253052
755,25.76511706537172,-44.43964020162821,2.562770191580057,0.922,0.4831099510192871
756,65.10470608466483,-44.340737365186214,2.5218934940639883,0.964,0.7773303389549255
757,52.76617290979251,-45.35364277660847,2.5965775835793465,0.988,0.5919978618621826
758,38.986593016973025,-45.88007612526417,2.5719745489768684,0.982,0.41911035776138306
759,36.32619913865127,-46.94097128510475,2.632619353476912,0.974,0.4993324279785156
760,23.308824060127613,-44.78901281952858,2.5917388575617224,0.886,0.4799994230270386
761,50.92882060787812,-44.26536717265844,2.5994561372790486,0.916,0.5162206292152405
762,45.15523206275032,-44.00685113668442,2.515959330368787,0.932,0.41933226585388184
763,24.252275729623456,-44.345208659768105,2.5550324011128396,0.908,0.5993320345878601
764,66.40694503241828,-43.63519290834665,2.4954417815897614,0.972,0.47133177518844604
765,33.16184652491387,-44.48066437989473,2.4295284741092473,0.952,0.5191096067428589
766,31.00322319589207,-43.789195500314236,2.4595956937409937,0.904,0.6144424080848694
767,32.297275847369136,-42.54694714397192,2.4611142456997186,0.974,0.48622092604637146
768,52.885654993610814,-42.59691171348095,2.488410298479721,0.942,0.592442512512207
769,36.81152317061462,-41.58011657744646,2.385274310829118,0.936,0.6319989562034607
770,41.7958424421941,-41.016631960868835,2.384296193253249,0.944,0.5291098356246948
771,41.55484086166944,-39.865768529474735,2.356405737577006,0.944,0.5859983563423157
772,40.10486631788084,-40.14116991311312,2.3242636325303465,0.974,0.5371097326278687
773,61.16576599956904,-40.421435087919235,2.2783151785843074,0.966,0.5371092557907104
774,83.64477109494975,-42.6240758523345,2.4549165056087077,0.994,0.529998779296875
775,40.5564500529136,-44.6864705234766,2.509594405302778,0.968,0.5293326377868652
776,39.24814853494596,-44.80385993421078,2.675265474244952,0.966,0.47955387830734253
777,60.692659113665975,-43.57771638035774,2.670668792910874,0.922,0.5926657319068909
778,62.96318130908204,-44.431253515183926,2.807367905508727,0.922,0.6055545210838318
779,24.497259957676324,-45.117388404905796,2.908549611689523,0.85,0.6011098027229309
780,36.64624233904862,-45.49910529702902,2.9009950023610145,0.874,0.2986666262149811
781,58.448543702436886,-45.70809070020914,2.9213238048832864,0.93,0.6588871479034424
782,39.74743174855268,-46.07529769837856,2.9581727292388678,0.952,0.686887800693512
783,39.315804938077044,-46.70881137251854,3.0035575551446527,0.91,0.7935529351234436
784,37.87324348410097,-45.686827801167965,2.9567874814383686,0.916,0.7608867287635803
785,42.21823220506695,-44.94518555700779,2.8998601217754185,0.946,0.810441255569458
786,34.60719263232897,-45.859028704464436,2.9510783390142024,0.914,0.7586644887924194
787,62.877294042872514,-46.18995228409767,2.969982099952176,0.96,0.6837753057479858
788,50.9265471167656,-47.31835080683231,3.021123367594555,0.94,0.7197756171226501
789,34.5995784478064,-47.29191496968269,2.970114464405924,0.956,0.715330183506012
790,41.7124503433583,-46.41193038225174,2.989850750658661,0.922,0.7966647148132324
791,38.02899946086615,-46.81847254931927,3.0261883281636983,0.906,0.7615532875061035
792,58.71025947307679,-46.421885415911674,3.0906126454938203,0.972,0.767552375793457
793,46.4247646520613,-47.83215997368097,3.1796727306209505,0.968,0.7875530123710632
794,55.43240702278624,-46.507790341973305,3.061362525448203,0.97,0.818218469619751
795,53.219845984456725,-46.40323609113693,2.9394330424256623,0.948,0.8013309836387634
796,62.233739748581584,-46.642532505095005,2.912955459440127,0.97,0.7577756643295288
797,44.23817892939118,-47.484156392514706,2.9192086819093674,0.898,0.8095524907112122
798,35.07663808128251,-46.35408762097359,2.8725224980153143,0.942,0.7791087031364441
799,36.079641492516075,-45.475273951888084,2.83085281169042,0.872,0.8157745003700256
800,30.31088870475318,-45.264652997255325,2.7794336958322674,0.936,0.7671082615852356
801,79.28079566591518,-46.78116770833731,2.8784598913043737,0.976,0.8355520367622375
802,33.095807099869255,-45.77918976545334,2.831462339265272,0.934,0.7577753663063049
803,68.27354444520097,-46.97203800082207,2.8703501112759113,0.916,0.802663266658783
804,43.938064660641714,-47.74465750157833,2.8520823176950216,0.926,0.7937749624252319
805,31.23554768004538,-47.565729573369026,2.8413363557774574,0.92,0.7833297848701477
806,53.91501182065872,-47.85031457990408,2.858888823306188,0.94,0.7199972867965698
807,39.108421361302426,-46.78824010491371,2.805126197170466,0.94,0.6999977231025696
808,26.22718773666744,-46.57011114060879,2.8065102582331747,0.918,0.7553306221961975
809,69.08691630317306,-46.09991730749607,2.855213555507362,0.962,0.6824419498443604
810,56.0773033484572,-48.447874158620834,2.9260429388377815,0.988,0.7079976797103882
811,36.37124884073719,-48.62409442663193,2.931979568209499,0.982,0.721997857093811
812,47.62341305403249,-48.46181310713291,2.9142881017178297,0.94,0.7555540204048157
813,45.91019341241425,-48.23681039363146,2.8432288377080113,0.954,0.749107837677002
814,46.81662494470666,-47.85812807828188,2.8379271121229976,0.932,0.7511082887649536
815,49.569096657603595,-47.79384157061577,2.8264882115181535,0.922,0.7368862628936768
816,69.40493853241007,-47.087109319865704,2.7112115486525,0.946,0.6748875975608826
817,51.969045642108725,-48.09350911527872,2.703295987099409,0.966,0.7091091275215149
818,56.42748289643879,-48.251196317374706,2.7091791131533682,0.886,0.7824422717094421
819,66.57748486013296,-49.6774884685874,2.6392689796630293,0.926,0.7757745385169983
820,42.621180865682476,-50.43716240674257,2.712798143038526,0.918,0.7606639266014099
821,53.9651737857996,-50.0564533919096,2.549399968702346,0.942,0.7326637506484985
822,47.37051111433734,-50.01762467622757,2.604658527066931,0.954,0.7186645269393921
823,19.82211874837816,-49.51926640421152,2.6277254689484835,0.928,0.732219934463501
824,42.69497495062573,-48.46445278823376,2.6570638474076986,0.924,0.7377750277519226
825,83.1131313472099,-48.478605419397354,2.6684254452120513,0.952,0.7862200140953064
826,71.69069805503581,-50.7685429751873,2.777853077277541,0.99,0.778886616230011
827,53.769439226799996,-51.99504669010639,2.802467006491497,0.956,0.7857743501663208
828,61.9931117557544,-52.777737475931644,2.842817730503157,0.932,0.81999671459198
829,24.21692994515591,-53.22698921710253,2.8006641294341534,0.842,0.7739965915679932
830,64.86168562758333,-51.81051309406757,2.7767814085818827,0.934,0.7139980792999268
831,59.26889643751386,-52.71325322240591,2.761808287119493,0.96,0.795330286026001
832,39.80750740467776,-52.795742996037006,2.6586894779466093,0.954,0.777553379535675
833,59.448271292977815,-53.340787157416344,2.6029089745134115,0.918,0.7711085081100464
834,32.74902300687918,-53.07058943063021,2.6300097219645977,0.894,0.7722193598747253
835,61.46142234997715,-53.041501969099045,2.588822793448344,0.922,0.783997118473053
836,16.525322420731285,-52.04620052874088,2.6898736939765513,0.93,0.7635523080825806
837,55.92463008356634,-50.744142577052116,2.6797693017870188,0.932,0.7195553779602051
838,37.19870307592984,-50.84705848991871,2.68868785421364,0.89,0.791553795337677
839,52.38881808865266,-49.784795708954334,2.708824524190277,0.948,0.8226639628410339
840,53.637430639854955,-50.16304775327444,2.700648803031072,0.95,0.795330286026001
841,43.44819688136705,-49.414936147630215,2.7205102052539587,0.894,0.7799969911575317
842,56.40723720982569,-49.484078489243984,2.701139024924487,0.96,0.7364407777786255
843,34.60532322074086,-50.14815183728933,2.624441693071276,0.966,0.7188853621482849
844,43.6265624379673,-50.6412361189723,2.7444464976433665,0.96,0.7637752294540405
845,46.70885951941443,-49.99869594722986,2.6884690516162664,0.932,0.7788853645324707
846,41.880666051479515,-48.52635573595762,2.558542667189613,0.974,0.721330463886261
847,42.37379312020066,-46.47134882956743,2.473196482984349,0.962,0.7191086411476135
848,47.46780274816423,-46.14091454446316,2.478101878426969,0.97,0.7611092925071716
849,49.188718377321905,-46.19043119996786,2.504922375548631,0.95,0.7133300304412842
850,39.70216844459877,-47.48671746253967,2.517673758789897,0.966,0.7228868007659912
851,25.121451266457846,-45.08044670522213,2.464113912777975,0.914,0.7513309717178345
852,23.062292228241244,-44.26380340009928,2.466509635793045,0.89,0.6384432911872864
853,76.02437984862397,-43.61745309829712,2.5255472438875586,0.988,0.43577656149864197
854,30.9240189475554,-43.853814505040646,2.599739529658109,0.972,0.5175544619560242
855,29.855581909067652,-44.675332084298134,2.7226754936855286,0.982,0.3891112208366394
856,58.325669622970224,-43.19871763885021,2.6156527255661786,0.988,0.5764438509941101
857,50.781303684819434,-44.24517177045345,2.6706173110287637,0.998,0.4831112325191498
858,47.40589682443445,-45.01538287848234,2.7137874010950327,1.0,0.5699995756149292
859,49.232354319254426,-45.2906880825758,2.756827899487689,0.992,0.515778124332428
860,45.28566506364363,-44.615296207368374,2.749772016191855,0.984,0.44200074672698975
861,48.671086902428094,-43.98740046471357,2.7160233459435403,0.964,0.6299992799758911
862,52.64724822404441,-45.0214484706521,2.6671002914663404,0.986,0.6173322200775146
863,40.74763136096401,-44.885953947901726,2.685400966787711,0.97,0.4944450557231903
864,35.24470454631616,-44.16815789043903,2.652299197157845,0.898,0.6771094799041748
865,65.8724751907839,-44.477903828024864,2.7315921019762754,0.91,0.4028894901275635
866,63.346327117975555,-45.19787284731865,2.745021059876308,0.958,0.49177753925323486
867,44.88231739654989,-46.38097535818815,2.853505110833794,0.938,0.61177659034729
868,47.19468648740453,-46.232236444950104,2.9164449092932045,0.912,0.6482206583023071
869,62.03103379048782,-46.622248739004135,2.948692296864465,0.938,0.4335559010505676
870,40.66244236753334,-46.45548155158758,2.9568594621960074,0.9,0.547777533531189
871,78.33310180240126,-48.47701045125723,2.9814822480548173,0.96,0.5088881850242615
872,45.60020802947834,-50.33199517428875,2.9996860919054598,0.948,0.53799968957901
873,54.09602572310397,-50.83923751860857,2.930391270900145,0.91,0.5711109042167664
874,78.0198906230387,-50.752107344567776,2.9445036130491644,0.918,0.5946650505065918
875,61.680250491514656,-52.29314564913511,3.0403424836695194,0.904,0.5635537505149841
876,74.41341285894137,-54.02089573442936,3.140285519650206,0.906,0.628442645072937
877,44.569791498362534,-54.11653531342745,3.134546237066388,0.906,0.6439983248710632
878,49.58695638470878,-53.1944594681263,3.143868426559493,0.894,0.7164420485496521
879,49.53069932901875,-54.80232420563698,3.104115455644205,0.956,0.7168872952461243
880,60.07572444476605,-54.59613425284624,3.1162948186974972,0.958,0.6862198710441589
881,58.30930792031004,-55.66384784132242,3.102602111408487,0.944,0.6364428997039795
882,46.28716776574767,-55.784577272832394,3.11166212731041,0.924,0.6533316969871521
883,53.341631750340795,-55.11496751755476,3.0584712103009224,0.958,0.6359980702400208
884,43.61245246746692,-55.60857130587101,3.036468273960054,0.962,0.6626647114753723
885,56.95538096779357,-56.28405284136534,3.102141921641305,0.97,0.5206664204597473
886,53.87658666006804,-56.121683940291405,3.0322712785564363,0.96,0.42288827896118164
887,63.61832947532712,-55.50073020905256,2.949538362212479,0.954,0.6362212300300598
888,58.090718131683595,-56.412849977612495,2.9866614665370435,0.94,0.5511104464530945
889,49.74474523883845,-57.37021838128567,2.992012314265594,0.964,0.5819982290267944
890,44.67831269588368,-56.39569149911404,3.0351279568858445,0.908,0.6762202978134155
891,56.79463382095736,-56.27801364660263,3.047118463087827,0.974,0.6924424767494202
892,77.9372140709358,-55.93876589089632,3.0469079078175128,0.972,0.6506637334823608
893,54.41183251279078,-57.004557490348816,3.0511436881497502,0.984,0.6075541377067566
894,31.493373191639265,-56.09831114858389,3.020596670685336,0.962,0.5433323383331299
895,65.97435551750812,-55.240799732506275,3.010279215173796,0.944,0.680220901966095
896,57.43458579211558,-54.67630473524332,2.950579058844596,0.962,0.663998007774353
897,32.73368477427133,-53.90605369955301,2.9296914818696678,0.944,0.5668883919715881
898,43.88598031779971,-53.133937649428844,2.8493036234285682,0.892,0.599776029586792
899,50.11829926878177,-53.434416025877,3.023951826384291,0.972,0.6299989819526672
900,53.70592035951777,-53.51099115610123,3.071378779131919,0.974,0.6126658320426941
901,23.168751434946465,-52.4702780097723,3.0152593278326094,0.924,0.6226651072502136
902,32.913462346206494,-50.727521024644375,3.070881106890738,0.896,0.7039980888366699
903,79.76468153814963,-50.72268631309271,3.0210650539956987,0.978,0.5451120734214783
904,80.27422245643108,-52.848287507891655,3.072042565094307,0.996,0.5935542583465576
905,32.73207161427524,-53.22687108814716,3.0216256491839886,0.966,0.5828880071640015
906,55.56334500532425,-52.586486518383026,3.0464849662967026,0.976,0.3755548596382141
907,70.41722575444763,-51.77780622988939,3.107052962295711,0.974,0.6928856372833252
908,38.737603340919954,-51.924045979976654,3.0427650245837867,0.95,0.7253315448760986
909,58.01531331605291,-52.092381842434406,3.078299366403371,0.958,0.7153300046920776
910,50.217143508014956,-52.810432106256485,3.1991617493331432,0.944,0.6275545358657837
911,52.54223439370576,-51.81937438994646,3.0743141383863986,0.918,0.5973312854766846
912,42.287191123097145,-51.03838077932596,3.0405108127743006,0.936,0.6408873200416565
913,35.78711961768218,-50.100297935307026,2.9788704477250576,0.914,0.6991087198257446
914,60.434645734607166,-50.198636919260025,3.0323092641774565,0.956,0.716886043548584
915,36.12802471419118,-50.97263187170029,3.0519182437565178,0.934,0.6917755603790283
916,62.21565548343006,-49.271673031151295,2.9426856816280633,0.94,0.5859984755516052
917,51.29316098858457,-50.52185557037592,2.9870750464033335,0.97,0.5566665530204773
918,61.28246975712135,-50.972198858857155,2.994463425828144,0.952,0.5797762274742126
919,46.89485259904458,-51.580937035381794,2.8789905314333737,0.972,0.5324438214302063
920,69.43788311439111,-51.83707585930824,2.8844091650098562,0.974,0.5304434299468994
921,55.8193140246863,-52.82710991054773,2.872174210147932,0.95,0.5922213196754456
922,68.6659688639181,-54.58404170721769,2.8673296878114343,0.966,0.6591085195541382
923,34.52914772552492,-54.83737985044718,2.93187144305557,0.956,0.5444434285163879
924,24.11671348347079,-52.563471242785454,2.8902313681319356,0.89,0.6479985117912292
925,26.19491652870891,-50.557162903249264,2.913249740144238,0.952,0.6106644868850708
926,73.1580635541288,-50.30164220184088,2.95383204636164,0.98,0.45688971877098083
927,76.80710831265598,-51.26034090667963,3.033607437973842,0.996,0.37933388352394104
928,58.02967337191372,-52.26436048746109,3.032745753414929,0.986,0.5493329763412476
929,35.93340777132519,-51.72566790878773,3.0203541435766965,0.964,0.5862218737602234
930,24.917005458319448,-50.8022071942687,2.9584854140412062,0.904,0.6102204322814941
931,50.28205067125324,-50.20538204163313,2.9940609119366854,0.962,0.6748854517936707
932,48.00285280350612,-49.67078164219856,3.004430116387084,0.94,0.6624423861503601
933,72.86197955993966,-51.30455917865038,3.018449500668794,0.986,0.6448869109153748
934,54.549455310643175,-52.450526773929596,3.0303679674398154,0.964,0.6126651763916016
935,60.95905356239254,-52.067263931035995,2.9988727001473308,0.964,0.4904436767101288
936,58.60060082270688,-53.08317573368549,3.002211877843365,0.938,0.5104441046714783
937,46.21575670112397,-52.47437909990549,2.9301253554876894,0.932,0.5662215352058411
938,40.99757190089689,-52.06021787971258,2.9119476876221597,0.924,0.6348873972892761
939,47.126081732288604,-51.36149476468563,2.9417376325000077,0.964,0.6404426097869873
940,76.5249368243192,-51.548554830253124,2.9849726867396384,0.974,0.5633320212364197
941,54.03047521462334,-52.8891533985734,3.1480681281536818,0.994,0.48377811908721924
942,72.9621554028402,-51.301942847669125,3.164787342073396,0.994,0.7097752094268799
943,59.05330571103331,-52.503284238278866,3.1363254992756993,0.992,0.6246647834777832
944,30.73342698701461,-53.785620242357254,3.136651383014396,0.956,0.6017762422561646
945,56.12821118203217,-53.881561763584614,3.0351647266652435,0.94,0.6226657032966614
946,75.03067102908764,-55.83953473716974,3.1053184068296105,0.966,0.5724430084228516
947,31.650249178482277,-54.39460326731205,3.0694724367931485,0.978,0.5733323693275452
948,42.689107545624445,-51.94996355473995,3.0078408736735582,0.908,0.662886917591095
949,21.644427230782824,-50.77861398458481,3.017569086048752,0.92,0.5988875031471252
950,40.688996156484684,-52.09123633801937,3.0502944563049823,0.96,0.6666658520698547
951,69.80997623657234,-52.63515595346689,3.0145854910369962,0.986,0.710442304611206
952,36.036246449537956,-52.93614685535431,3.0907974899746478,0.97,0.5853320360183716
953,81.92977650701657,-52.618763618171215,3.121525019640103,0.98,0.6268869638442993
954,58.94158492675144,-53.292607836425304,3.1119941538199782,0.994,0.7084418535232544
955,55.692480834451985,-52.53841834515333,3.163252654718235,0.984,0.5859988927841187
956,52.428823193894296,-52.650198839604855,3.2276976793073118,0.982,0.5902208685874939
957,85.97631202607815,-53.51074866950512,3.3737107717897743,0.992,0.6491100788116455
958,30.5439072838261,-55.62323393672705,3.3943158225156367,0.972,0.6346655488014221
959,52.892909532811906,-54.116504810750484,3.4110212305095047,0.952,0.5879987478256226
960,19.632219188133305,-53.67596115171909,3.288647917797789,0.95,0.5804435014724731
961,33.516733614529876,-50.87918835133314,3.238556966651231,0.884,0.4919992983341217
962,36.515499230367425,-50.43593128025532,3.1377484840340912,0.94,0.6522193551063538
963,62.07186145351578,-48.911560259759426,3.1863299140240997,0.912,0.4879998564720154
964,45.25396275117983,-49.77364043146372,3.273890944663435,0.954,0.5619986057281494
965,42.56883497812709,-50.1326717287302,3.1972516763489693,0.916,0.7457748651504517
966,52.43905966319027,-48.30857812613249,3.1647281397599727,0.914,0.5355553030967712
967,56.722869524805475,-47.807795360684395,3.06645268201828,0.94,0.7211083769798279
968,38.92230544573447,-49.60486225783825,3.1279904029797763,0.952,0.6317758560180664
969,56.55980764097423,-49.61428979039192,3.0668677708599716,0.958,0.6224422454833984
970,53.888967126548415,-51.197850324213505,3.0710865799337626,0.948,0.6326656937599182
971,33.46572014821504,-51.00284190475941,3.0111147514544427,0.946,0.6202206015586853
972,60.94016789833902,-49.23468238860369,2.908599511254579,0.93,0.7306642532348633
973,49.40252746779292,-49.76846492290497,2.8600831476505846,0.952,0.6066651940345764
974,62.93864259657255,-49.417603984475136,2.876628141151741,0.966,0.5271115899085999
975,53.74825325961738,-48.98185986280441,2.8867632262408733,0.954,0.5888875126838684
976,46.15697846409925,-50.03316159546375,2.923165907850489,0.948,0.5559998750686646
977,58.579215624223814,-47.99063251912594,2.8953913897275925,0.946,0.4784439504146576
978,39.72751910870315,-47.747735008597374,2.7649930217303336,0.936,0.5922210216522217
979,47.898119701113025,-47.74202562868595,2.794185030506924,0.928,0.7126642465591431
980,28.071304676623253,-47.58431330323219,2.8135308029595762,0.91,0.574221134185791
981,47.75215780939741,-48.031353540718555,2.7686680085025728,0.942,0.503109872341156
982,36.55565940900022,-48.25666566193104,2.781965549569577,0.95,0.6148876547813416
983,46.022722206055874,-48.65062337368727,2.726132791256532,0.97,0.6199982166290283
984,60.92818690737276,-48.07672891765833,2.7271539554931223,0.974,0.5088875889778137
985,51.468343820161856,-48.49799560010433,2.666939791990444,0.976,0.6571093797683716
986,39.77520064368818,-49.55635325610638,2.610375361284241,0.95,0.6079992651939392
987,30.12400641402715,-48.10732302069664,2.6350639718584716,0.914,0.6431092619895935
988,24.5113320387252,-47.02774332463741,2.5999249836895615,0.944,0.5119997262954712
989,40.07888536747846,-45.88991893082857,2.5882536128629,0.958,0.4666668176651001
990,64.92041452916952,-45.70567014813423,2.60847248416394,0.98,0.7157748341560364
991,49.43741719457912,-47.021186500787735,2.692129124654457,0.992,0.6491090655326843
992,46.3117825429719,-46.19886188209057,2.7085994174703956,0.972,0.6017763018608093
993,51.8745857329272,-46.69998870790005,2.6888039659243077,0.976,0.605109691619873
994,32.95343260377177,-45.52250523120165,2.694581969641149,0.95,0.5128881931304932
995,65.42387525724097,-45.043948478996754,2.6344238452147692,0.966,0.635109543800354
996,65.52643774949547,-46.474125042557716,2.628101415699348,0.97,0.5955552458763123
997,35.81443983116759,-46.083754539489746,2.581606906373054,0.952,0.5748881101608276
998,11.803190405613087,-44.704275622963905,2.563082895008847,0.84,0.5982212424278259
999,42.58944319311569,-44.30276820808649,2.553925284417346,0.954,0.7426629066467285
